Price,Area,bathroom,bedroom,property.type
1950,South Co. Dublin,2,2,Apartment
1800,South Dublin City,3,1,Flat
1800,South Dublin City,2,1,House
1700,South Dublin City,1,1,Apartment
1519,North Co. Dublin,2,1,Apartment
1527,South Dublin City,1,1,Apartment
2595,South Dublin City,1,1,Apartment
2800,South Dublin City,4,2,House
1750,Dublin City Centre,1,1,Apartment
7500,South Co. Dublin,5,6,House
1627,North Dublin City,1,1,Apartment
1000,North Dublin City,1,1,Flat
780,North Dublin City,0,0,Studio
2350,North Dublin City,3,2,Apartment
1700,South Co. Dublin,2,2,Apartment
2800,South Dublin City,2,2,Apartment
3280,South Dublin City,4,3,Apartment
1300,South Dublin City,1,1,Apartment
1950,North Co. Dublin,2,2,Apartment
1875,South Dublin City,2,1,Apartment
2200,Dublin City Centre,2,2,House
1835,Dublin City Centre,1,1,Apartment
2900,South Dublin City,3,2,Apartment
2100,South Dublin City,2,1,Apartment
1200,South Dublin City,1,1,Apartment
2100,South Dublin City,2,2,Apartment
1700,South Dublin City,2,1,Apartment
3450,South Dublin City,4,2,House
1900,North Dublin City,2,2,Apartment
2500,South Dublin City,2,2,Apartment
1300,North Dublin City,1,1,Flat
1700,West Co. Dublin,2,2,Apartment
1590,North Dublin City,2,2,Apartment
1750,South Dublin City,0,0,Studio
2800,North Dublin City,4,2,House
1800,Dublin City Centre,1,1,Apartment
1850,Dublin City Centre,2,1,Apartment
1460,Dublin City Centre,1,1,Apartment
1575,North Dublin City,1,1,Apartment
1800,South Dublin City,2,2,Apartment
1950,Dublin City Centre,2,1,Apartment
2550,Dublin City Centre,2,2,Apartment
2500,South Co. Dublin,2,2,Apartment
1950,Dublin City Centre,2,1,Apartment
2000,South Co. Dublin,2,2,Apartment
6500,South Co. Dublin,9,4,Apartment
2810,South Co. Dublin,5,1,House
2300,South Dublin City,1,1,Apartment
4400,Dublin City Centre,2,3,Apartment
2160,South Dublin City,2,2,Apartment
4200,South Dublin City,1,1,Apartment
1950,South Co. Dublin,1,1,Apartment
2650,Dublin City Centre,2,2,Apartment
1950,Dublin City Centre,2,1,Apartment
2200,South Co. Dublin,2,2,Apartment
1800,South Dublin City,2,1,Apartment
1800,West Co. Dublin,3,1,House
1750,North Dublin City,1,1,Apartment
2800,Dublin City Centre,1,2,Apartment
4250,South Dublin City,5,2,House
2600,Dublin City Centre,3,2,Apartment
2100,South Dublin City,2,2,Apartment
2700,North Co. Dublin,3,2,House
1500,Dublin City Centre,1,1,Apartment
1700,South Dublin City,2,1,Apartment
3295,South Dublin City,3,2,Apartment
1995,North Dublin City,2,2,Apartment
2200,Dublin City Centre,2,1,Apartment
1650,Dublin City Centre,1,1,Apartment
1260,North Dublin City,1,1,Flat
6800,South Dublin City,6,5,Apartment
2700,South Dublin City,2,2,Apartment
2200,South Dublin City,2,2,Apartment
3575,South Dublin City,2,1,House
2000,North Dublin City,3,1,House
2110,South Dublin City,2,2,Apartment
1620,North Dublin City,2,1,Apartment
2100,South Dublin City,2,2,House
2000,Dublin City Centre,2,1,Apartment
2185,South Dublin City,2,2,Apartment
1550,Dublin City Centre,2,1,Apartment
1900,South Co. Dublin,1,1,Apartment
3600,South Dublin City,3,2,House
1650,South Dublin City,1,1,Apartment
3500,South Dublin City,3,2,Apartment
2400,South Dublin City,2,2,Apartment
2190,South Dublin City,2,2,Apartment
4400,South Dublin City,3,2,House
1900,South Co. Dublin,2,1,Apartment
1650,Dublin City Centre,1,1,Apartment
2100,Dublin City Centre,2,2,Apartment
1000,South Co. Dublin,0,0,Studio
2049,Dublin City Centre,2,1,Apartment
2273,South Dublin City,3,1,Apartment
2800,South Dublin City,3,2,House
7000,South Dublin City,7,9,House
3500,South Dublin City,4,2,House
1600,South Dublin City,1,1,Apartment
2800,North Dublin City,4,2,Apartment
2250,Dublin City Centre,2,2,Apartment
1700,South Dublin City,2,1,Apartment
3150,South Dublin City,3,2,Apartment
1950,South Dublin City,2,1,Apartment
1620,North Dublin City,2,2,Apartment
1520,North Dublin City,1,1,Apartment
1950,West Co. Dublin,2,2,Apartment
1300,South Dublin City,1,1,Apartment
6200,Dublin City Centre,1,1,Apartment
2500,South Dublin City,2,2,Apartment
2200,Dublin City Centre,2,2,Apartment
1300,North Dublin City,1,2,Flat
2000,South Dublin City,2,2,Apartment
1150,North Dublin City,1,1,Flat
2000,Dublin City Centre,2,1,Apartment
1600,Dublin City Centre,1,1,Apartment
2750,Dublin City Centre,2,2,Apartment
2500,North Dublin City,3,3,House
1609,West Co. Dublin,2,2,Apartment
1620,West Co. Dublin,2,2,Apartment
675,North Dublin City,0,0,Studio
1740,Dublin City Centre,6,5,House
3600,South Dublin City,3,2,House
2800,Dublin City Centre,2,2,Apartment
1850,West Co. Dublin,2,1,Apartment
1970,North Dublin City,2,1,Apartment
2250,South Dublin City,3,1,House
2800,West Co. Dublin,4,1,House
1200,North Dublin City,1,1,Flat
4200,South Co. Dublin,6,4,House
1300,South Dublin City,0,0,Studio
1660,South Dublin City,2,1,House
1900,South Dublin City,2,1,Apartment
1800,South Dublin City,2,1,Apartment
1550,North Dublin City,1,0,Apartment
2200,West Co. Dublin,4,1,House
2184,South Co. Dublin,3,1,House
2400,North Dublin City,3,4,House
1650,South Dublin City,1,1,Apartment
1950,North Co. Dublin,2,2,Apartment
2700,South Dublin City,3,1,House
2100,Dublin City Centre,2,1,Apartment
1160,South Dublin City,0,0,Studio
1870,North Dublin City,2,1,House
1900,West Co. Dublin,2,2,Apartment
1400,Dublin City Centre,1,1,Apartment
1720,South Dublin City,2,1,House
1890,Dublin City Centre,1,1,Apartment
1650,North Dublin City,2,1,Apartment
1300,North Dublin City,0,0,Studio
1600,Dublin City Centre,1,1,Apartment
2700,South Dublin City,3,2,House
1350,South Dublin City,1,1,Apartment
1600,Dublin City Centre,0,0,Studio
1500,South Dublin City,1,1,Apartment
1950,South Dublin City,1,1,Flat
4000,South Dublin City,4,3,Apartment
2300,South Co. Dublin,1,1,Apartment
1550,Dublin City Centre,1,1,Apartment
1700,South Dublin City,1,1,Apartment
3715,Dublin City Centre,2,2,Apartment
1350,South Dublin City,1,1,Apartment
1200,Dublin City Centre,0,0,Studio
1680,South Co. Dublin,2,2,Apartment
1600,Dublin City Centre,0,0,Studio
2290,Dublin City Centre,2,2,Apartment
2400,South Dublin City,2,2,Apartment
2195,North Dublin City,3,3,House
2000,South Dublin City,2,1,House
2000,South Dublin City,2,1,Apartment
2328,South Dublin City,2,2,Apartment
3800,West Co. Dublin,3,2,House
1470,North Co. Dublin,2,2,Apartment
2100,West Co. Dublin,3,3,House
2195,South Co. Dublin,3,2,Apartment
2000,West Co. Dublin,3,2,Apartment
1850,Dublin City Centre,1,1,Apartment
2400,West Co. Dublin,4,3,Apartment
2500,Dublin City Centre,2,2,Apartment
1800,Dublin City Centre,1,1,Apartment
965,Dublin City Centre,2,2,Apartment
1380,Dublin City Centre,1,1,Apartment
1699,South Dublin City,2,2,Apartment
1550,Dublin City Centre,2,1,Apartment
2200,Dublin City Centre,2,2,Apartment
2000,Dublin City Centre,2,1,Apartment
2300,South Dublin City,3,1,House
1000,South Co. Dublin,0,0,Studio
2200,South Dublin City,2,2,Apartment
3560,Dublin City Centre,2,2,Apartment
1940,South Dublin City,2,1,House
1500,Dublin City Centre,1,1,Apartment
2500,North Dublin City,3,2,Apartment
1300,North Co. Dublin,0,0,Studio
2350,South Dublin City,3,1,House
1699,South Co. Dublin,1,1,Apartment
1150,South Dublin City,1,1,House
1550,South Dublin City,2,1,Apartment
3640,Dublin City Centre,2,2,Apartment
2850,Dublin City Centre,3,2,Apartment
1050,West Co. Dublin,0,0,Studio
1500,South Dublin City,1,1,Apartment
2000,Dublin City Centre,2,1,Apartment
950,South Dublin City,0,0,Studio
1858,South Dublin City,2,1,Apartment
1850,North Dublin City,2,1,Apartment
900,South Dublin City,0,0,Studio
1650,West Co. Dublin,2,1,House
1500,South Co. Dublin,2,1,Apartment
4800,North Co. Dublin,4,2,House
832,North Dublin City,0,0,Studio
1754,North Co. Dublin,2,1,Apartment
1700,South Dublin City,2,1,Apartment
1665,South Dublin City,2,2,Apartment
1400,South Dublin City,1,1,Apartment
2350,South Co. Dublin,3,1,House
3600,South Dublin City,3,2,House
1800,Dublin City Centre,1,1,Apartment
2000,South Dublin City,2,2,Apartment
2200,Dublin City Centre,2,2,Apartment
1500,North Dublin City,2,1,Apartment
1700,South Dublin City,1,1,Apartment
1900,South Dublin City,2,1,Apartment
2145,South Dublin City,2,1,Apartment
1420,South Dublin City,1,1,Apartment
1800,Dublin City Centre,2,2,Apartment
1800,Dublin City Centre,1,1,Apartment
1260,South Dublin City,1,1,Flat
1800,South Dublin City,1,1,Apartment
1802,South Dublin City,2,1,Apartment
1230,South Dublin City,1,1,Flat
1400,South Dublin City,0,0,Studio
1800,Dublin City Centre,2,2,Apartment
1750,South Dublin City,1,1,Apartment
1900,North Dublin City,2,2,Apartment
2100,South Dublin City,2,2,Apartment
2106,South Co. Dublin,2,2,Apartment
1342,South Dublin City,1,1,Apartment
1500,Dublin City Centre,1,1,Apartment
4600,South Dublin City,2,2,Apartment
3920,South Dublin City,3,3,House
2350,North Dublin City,2,2,Apartment
1950,South Dublin City,1,1,Apartment
1650,North Dublin City,2,1,Apartment
2240,South Dublin City,2,2,Apartment
7200,South Dublin City,1,1,Apartment
1350,North Dublin City,0,1,Studio
1950,South Dublin City,2,1,Apartment
2450,Dublin City Centre,2,2,Apartment
1800,Dublin City Centre,2,1,Apartment
3360,Dublin City Centre,1,1,Apartment
1992,Dublin City Centre,2,1,Apartment
1900,Dublin City Centre,2,1,Apartment
1950,South Dublin City,2,1,Apartment
500,North Dublin City,2,1,House
1500,South Dublin City,1,1,Apartment
1900,North Co. Dublin,3,1,House
1400,Dublin City Centre,1,1,Apartment
1900,North Dublin City,2,2,Apartment
2300,North Dublin City,3,1,House
2800,South Dublin City,3,2,House
1800,South Dublin City,3,1,Apartment
1695,South Dublin City,1,1,Apartment
1700,Dublin City Centre,1,1,Apartment
2600,Dublin City Centre,3,2,House
2462,Dublin City Centre,3,1,Apartment
2200,South Dublin City,2,1,House
2250,South Dublin City,2,1,Apartment
1100,Dublin City Centre,1,1,Apartment
2700,South Dublin City,2,2,Apartment
2645,South Dublin City,2,2,Apartment
1400,West Co. Dublin,2,1,House
2000,South Dublin City,2,1,Apartment
2250,North Dublin City,1,1,Apartment
1800,Dublin City Centre,2,1,Apartment
2000,North Dublin City,3,2,Apartment
1695,West Co. Dublin,2,1,Apartment
2200,Dublin City Centre,2,1,Apartment
1950,North Dublin City,2,1,House
1400,Dublin City Centre,1,1,Flat
1800,Dublin City Centre,2,1,Apartment
1250,South Dublin City,0,0,Studio
2200,Dublin City Centre,2,1,Apartment
2700,Dublin City Centre,2,2,Apartment
1745,South Dublin City,1,1,Apartment
1535,South Co. Dublin,1,1,Apartment
2500,Dublin City Centre,2,2,Apartment
2400,North Dublin City,3,2,Apartment
2340,South Dublin City,2,2,Apartment
2000,South Dublin City,2,1,House
1750,South Dublin City,2,1,Apartment
1800,North Dublin City,2,2,House
1460,South Dublin City,1,1,Apartment
1875,South Dublin City,2,1,House
2200,South Dublin City,2,2,Apartment
2200,South Dublin City,3,1,House
1950,North Co. Dublin,2,2,Apartment
3360,Dublin City Centre,2,2,Apartment
1648,West Co. Dublin,3,1,House
2000,South Co. Dublin,2,2,Apartment
1700,West Co. Dublin,2,1,House
1800,South Dublin City,2,2,Apartment
3920,South Co. Dublin,3,3,Apartment
1950,North Dublin City,3,1,House
1995,North Dublin City,2,2,House
1900,Dublin City Centre,2,2,Apartment
2500,Dublin City Centre,3,1,Apartment
3715,South Dublin City,5,2,Apartment
2080,South Co. Dublin,2,1,Apartment
1900,South Co. Dublin,1,1,Apartment
2100,South Dublin City,2,2,Apartment
1040,West Co. Dublin,1,1,Apartment
2100,West Co. Dublin,3,2,House
1599,Dublin City Centre,1,1,Apartment
1850,South Dublin City,1,1,Apartment
2000,Dublin City Centre,2,2,Apartment
3700,South Dublin City,4,3,Flat
1990,South Dublin City,1,1,Apartment
1450,Dublin City Centre,1,1,Apartment
2650,Dublin City Centre,3,2,House
2095,South Dublin City,2,2,Apartment
1815,South Co. Dublin,2,2,Apartment
2800,South Dublin City,2,1,House
1350,West Co. Dublin,0,0,Studio
1450,South Co. Dublin,1,1,Apartment
2500,Dublin City Centre,3,2,Apartment
2866,North Dublin City,4,2,House
2400,South Dublin City,4,2,House
1674,North Dublin City,1,1,Apartment
1750,Dublin City Centre,1,1,Apartment
1829,West Co. Dublin,2,2,Apartment
2200,North Co. Dublin,3,2,House
2328,Dublin City Centre,2,1,Apartment
1850,North Dublin City,2,1,Apartment
1870,South Dublin City,1,1,Apartment
1800,South Dublin City,2,1,Apartment
1925,South Co. Dublin,2,1,Apartment
1976,Dublin City Centre,2,1,Apartment
1850,South Dublin City,2,2,Apartment
2200,South Dublin City,2,1,House
2050,South Co. Dublin,2,1,Apartment
1900,South Dublin City,2,1,Apartment
2300,Dublin City Centre,2,2,House
2045,Dublin City Centre,2,1,Apartment
1200,North Dublin City,1,1,Flat
2300,West Co. Dublin,3,3,Apartment
2000,Dublin City Centre,2,1,Apartment
1950,South Dublin City,2,1,Apartment
1700,South Dublin City,2,1,Apartment
2000,North Dublin City,2,2,Apartment
1584,South Dublin City,1,1,Apartment
3920,South Co. Dublin,2,2,Apartment
2300,North Dublin City,3,2,Apartment
3000,Dublin City Centre,3,2,Apartment
1750,South Dublin City,1,1,Apartment
1950,North Dublin City,3,1,House
1850,South Dublin City,1,1,Flat
2100,South Dublin City,2,2,Apartment
1300,North Dublin City,1,1,Apartment
2700,Dublin City Centre,2,2,Apartment
1995,Dublin City Centre,2,2,Apartment
2500,South Dublin City,3,2,House
1450,South Dublin City,0,0,Studio
2698,South Co. Dublin,3,3,Apartment
2200,South Dublin City,2,2,Apartment
1532,Dublin City Centre,1,1,Apartment
1650,South Dublin City,1,1,Apartment
2100,West Co. Dublin,3,3,Apartment
1650,North Dublin City,2,1,Apartment
2000,North Dublin City,2,2,Apartment
2800,South Dublin City,2,2,Apartment
980,South Dublin City,0,0,Studio
1700,South Dublin City,2,1,Apartment
1976,South Dublin City,2,1,Apartment
2000,West Co. Dublin,3,2,House
1800,South Dublin City,1,1,Apartment
1660,South Dublin City,2,1,Apartment
2500,South Dublin City,2,2,Apartment
2100,Dublin City Centre,2,1,Apartment
2300,Dublin City Centre,3,2,Apartment
1850,Dublin City Centre,2,1,Apartment
1650,South Dublin City,2,2,House
1750,North Dublin City,2,1,Apartment
2400,South Dublin City,2,2,Apartment
2866,Dublin City Centre,3,2,Apartment
2000,West Co. Dublin,3,2,House
1300,North Dublin City,1,2,Flat
2200,Dublin City Centre,2,2,Apartment
2800,North Co. Dublin,4,3,Apartment
1995,South Co. Dublin,2,2,Apartment
1150,North Dublin City,1,1,Apartment
1052,North Dublin City,2,1,Apartment
3360,Dublin City Centre,1,1,Apartment
1950,West Co. Dublin,2,2,Apartment
1500,South Dublin City,1,1,Apartment
2800,Dublin City Centre,2,2,Apartment
3000,Dublin City Centre,4,2,Apartment
2100,South Dublin City,3,1,House
2395,South Co. Dublin,2,2,Apartment
2200,South Dublin City,2,2,Apartment
2350,Dublin City Centre,1,1,Apartment
1850,West Co. Dublin,2,1,House
2300,South Dublin City,1,1,Apartment
2400,South Dublin City,2,2,Apartment
1600,South Dublin City,2,1,Apartment
1450,North Dublin City,1,1,Apartment
2000,North Dublin City,2,2,Apartment
1700,South Dublin City,1,1,Apartment
1450,South Dublin City,1,2,Apartment
1800,South Dublin City,1,1,Apartment
2000,Dublin City Centre,2,1,Apartment
1800,South Dublin City,2,2,Apartment
1746,South Dublin City,2,1,Apartment
3200,South Dublin City,2,2,Apartment
1802,South Dublin City,2,1,House
2495,South Dublin City,3,1,Apartment
1500,South Co. Dublin,1,1,Apartment
1750,South Co. Dublin,2,2,Apartment
2150,Dublin City Centre,2,1,Apartment
1650,South Dublin City,1,1,Apartment
2000,North Dublin City,3,1,House
4750,South Dublin City,3,4,House
3600,North Dublin City,6,2,House
2190,South Co. Dublin,2,1,Apartment
1800,North Dublin City,2,1,House
1875,South Dublin City,2,1,Apartment
2433,West Co. Dublin,4,3,House
1950,West Co. Dublin,3,3,House
2000,North Dublin City,2,2,Apartment
3450,South Dublin City,3,2,Apartment
1850,West Co. Dublin,2,2,Apartment
1450,North Dublin City,1,1,Flat
2100,Dublin City Centre,2,1,Apartment
2100,Dublin City Centre,2,1,Apartment
2000,North Dublin City,2,2,Apartment
1950,Dublin City Centre,2,1,Apartment
3100,South Dublin City,2,3,Apartment
2250,South Dublin City,3,1,House
1600,North Dublin City,2,2,Apartment
900,North Co. Dublin,1,1,Flat
1100,North Dublin City,1,1,Flat
1530,West Co. Dublin,2,1,Flat
2300,South Dublin City,3,2,Apartment
2400,South Dublin City,2,2,Apartment
2150,South Dublin City,2,2,Apartment
2300,South Dublin City,2,1,Apartment
3500,Dublin City Centre,5,3,House
3500,South Dublin City,4,2,House
1250,South Dublin City,0,0,Studio
2350,North Co. Dublin,4,4,House
2700,Dublin City Centre,2,2,Apartment
1850,Dublin City Centre,2,1,Apartment
2103,Dublin City Centre,2,1,Apartment
1475,North Dublin City,1,1,Apartment
850,North Dublin City,1,1,Apartment
2668,South Co. Dublin,3,2,House
1900,North Co. Dublin,3,2,House
2300,Dublin City Centre,2,2,Apartment
900,North Dublin City,0,1,Studio
1500,South Dublin City,1,1,Apartment
2300,South Dublin City,1,1,Apartment
1750,North Dublin City,2,2,Apartment
2500,South Dublin City,3,2,House
2200,South Dublin City,3,1,House
2100,South Dublin City,2,2,Apartment
2250,North Dublin City,3,1,House
1675,Dublin City Centre,2,1,Apartment
1900,Dublin City Centre,2,1,Apartment
1660,South Dublin City,2,1,Apartment
2080,South Dublin City,2,2,Apartment
1350,North Dublin City,0,0,Studio
1435,South Dublin City,2,1,Apartment
1700,South Dublin City,2,1,Apartment
2100,South Dublin City,2,2,Apartment
1450,South Dublin City,1,1,Apartment
2200,Dublin City Centre,1,1,Apartment
2300,Dublin City Centre,2,1,Apartment
1500,North Co. Dublin,2,2,Apartment
2800,North Dublin City,4,2,House
1420,West Co. Dublin,2,2,Apartment
1800,South Dublin City,2,1,Apartment
1648,West Co. Dublin,2,2,Apartment
3000,North Dublin City,3,3,House
1410,North Dublin City,1,1,Apartment
1095,North Dublin City,1,1,Flat
1950,South Dublin City,2,2,Apartment
2100,South Dublin City,2,2,Apartment
2000,South Dublin City,2,2,Apartment
2395,Dublin City Centre,2,1,Apartment
1995,South Dublin City,2,1,Apartment
1950,South Dublin City,1,1,Apartment
1750,Dublin City Centre,1,1,Apartment
1150,North Co. Dublin,1,1,House
2300,South Co. Dublin,1,1,Apartment
800,North Dublin City,0,0,Studio
2300,North Co. Dublin,3,2,House
2900,North Dublin City,3,3,House
1650,Dublin City Centre,1,1,Apartment
1900,South Dublin City,2,2,Apartment
1850,South Dublin City,1,1,Apartment
1200,North Dublin City,1,1,Flat
2800,South Dublin City,2,2,Apartment
2300,South Dublin City,3,3,House
750,West Co. Dublin,0,1,Studio
2550,South Dublin City,3,1,House
3275,South Dublin City,4,3,Apartment
1200,South Dublin City,0,0,Studio
1450,North Dublin City,1,1,Apartment
1000,South Co. Dublin,1,1,Flat
1500,North Dublin City,2,2,Apartment
1950,South Dublin City,2,1,House
1850,South Dublin City,1,1,Apartment
1950,South Dublin City,2,1,Apartment
1750,North Dublin City,2,2,Apartment
2900,Dublin City Centre,3,2,Apartment
1300,South Co. Dublin,1,1,Flat
1850,South Dublin City,2,2,Apartment
2300,West Co. Dublin,3,3,House
1995,North Dublin City,2,2,Apartment
3500,Dublin City Centre,5,1,House
1150,South Dublin City,0,0,Studio
1550,South Dublin City,0,0,Studio
2600,Dublin City Centre,3,2,Apartment
1700,South Dublin City,2,2,Apartment
1150,North Dublin City,1,1,Flat
3100,South Dublin City,3,2,Apartment
1540,North Dublin City,2,1,Apartment
1450,South Dublin City,1,1,Apartment
1800,Dublin City Centre,2,1,Apartment
1750,South Dublin City,1,1,Flat
1570,North Dublin City,1,1,Apartment
2550,South Dublin City,3,1,Flat
1350,Dublin City Centre,1,1,Apartment
2000,North Dublin City,2,2,Apartment
1800,North Dublin City,2,2,Apartment
1850,North Co. Dublin,2,3,House
1400,South Dublin City,1,1,Apartment
3100,North Dublin City,4,3,House
1143,Dublin City Centre,1,1,Flat
2750,South Dublin City,3,2,Apartment
3280,South Dublin City,3,2,Apartment
2300,West Co. Dublin,2,2,Apartment
1900,South Co. Dublin,2,1,Apartment
1950,West Co. Dublin,2,2,Apartment
1950,Dublin City Centre,2,2,Apartment
2084,West Co. Dublin,3,3,House
1400,South Dublin City,1,1,Apartment
2200,Dublin City Centre,2,1,House
2800,South Dublin City,2,2,Apartment
2600,Dublin City Centre,3,2,Apartment
1600,South Co. Dublin,2,2,Apartment
1700,South Co. Dublin,2,2,Apartment
2132,South Dublin City,2,2,Apartment
2300,West Co. Dublin,3,1,House
2000,South Dublin City,2,1,Apartment
2200,South Co. Dublin,3,2,Apartment
1750,South Dublin City,1,1,Apartment
1900,West Co. Dublin,4,2,House
3100,South Co. Dublin,3,3,House
2390,Dublin City Centre,2,1,Apartment
2200,North Dublin City,3,3,House
1200,Dublin City Centre,1,1,Apartment
1950,North Dublin City,2,1,House
1273,South Dublin City,0,0,Studio
1750,North Dublin City,2,1,Apartment
1700,West Co. Dublin,2,2,Apartment
1750,Dublin City Centre,1,1,Apartment
1700,South Dublin City,2,1,Apartment
2595,North Dublin City,3,2,Apartment
2250,Dublin City Centre,2,1,Apartment
2200,Dublin City Centre,2,2,House
900,North Dublin City,0,1,Studio
2600,South Dublin City,2,3,House
1350,North Dublin City,1,1,House
2800,North Dublin City,4,3,Apartment
2300,South Co. Dublin,3,1,House
1875,South Dublin City,2,1,Apartment
2750,South Dublin City,2,2,Apartment
1800,South Dublin City,2,1,Apartment
2300,South Dublin City,2,2,House
1750,South Dublin City,1,1,Apartment
1746,North Dublin City,2,1,Apartment
7500,South Dublin City,6,5,Apartment
2106,South Dublin City,2,1,Apartment
1300,North Dublin City,1,1,Flat
1300,North Co. Dublin,1,1,Apartment
2700,Dublin City Centre,3,2,Apartment
1800,Dublin City Centre,1,1,Apartment
1360,Dublin City Centre,1,1,Apartment
1976,North Co. Dublin,2,2,Apartment
1495,South Dublin City,1,1,Apartment
2000,South Dublin City,2,1,Apartment
1400,South Dublin City,0,0,Studio
1850,South Dublin City,2,2,Apartment
800,North Dublin City,0,0,Studio
1800,Dublin City Centre,1,1,Apartment
4200,South Co. Dublin,2,2,Apartment
2150,South Dublin City,2,1,Apartment
1950,Dublin City Centre,2,2,Apartment
2000,South Dublin City,2,1,Apartment
1200,South Dublin City,0,0,Studio
2100,Dublin City Centre,2,1,Apartment
1200,North Dublin City,0,0,Studio
1555,North Dublin City,1,0,Apartment
1700,South Dublin City,2,1,Apartment
2288,Dublin City Centre,2,2,Apartment
1800,South Dublin City,2,1,Apartment
2100,South Co. Dublin,2,2,Apartment
1350,North Co. Dublin,1,1,Apartment
1800,Dublin City Centre,2,1,Apartment
1650,South Co. Dublin,1,1,Apartment
1600,Dublin City Centre,1,1,Apartment
1800,Dublin City Centre,1,1,Apartment
2100,Dublin City Centre,2,2,Apartment
2200,South Co. Dublin,3,3,Apartment
2750,Dublin City Centre,2,2,Apartment
2000,South Co. Dublin,2,2,Apartment
1600,Dublin City Centre,1,1,Apartment
1950,North Co. Dublin,3,2,House
2500,South Dublin City,2,2,Apartment
1432,Dublin City Centre,0,0,Studio
2100,South Dublin City,2,2,Apartment
2500,North Co. Dublin,4,5,House
1417,North Dublin City,1,1,House
1700,South Dublin City,2,1,Apartment
1990,Dublin City Centre,2,1,Apartment
1400,North Dublin City,1,1,Apartment
2800,South Dublin City,3,2,House
2100,South Dublin City,2,2,Apartment
1900,West Co. Dublin,3,1,House
2395,Dublin City Centre,2,2,Apartment
1950,North Co. Dublin,2,2,Apartment
1800,North Dublin City,2,1,Apartment
6000,South Dublin City,7,4,House
2000,South Dublin City,2,2,Apartment
1900,Dublin City Centre,2,1,Apartment
1500,Dublin City Centre,1,1,Apartment
2160,South Dublin City,2,2,Apartment
2499,South Co. Dublin,2,2,Apartment
1850,North Co. Dublin,1,1,Apartment
900,North Dublin City,1,1,Flat
2900,South Dublin City,2,2,Apartment
2200,Dublin City Centre,2,1,Apartment
1400,Dublin City Centre,1,1,Apartment
1100,North Dublin City,0,0,Studio
1800,Dublin City Centre,2,1,Apartment
1500,Dublin City Centre,1,1,Apartment
1295,South Dublin City,0,0,Studio
1350,North Dublin City,1,1,Apartment
1950,Dublin City Centre,2,2,Apartment
1350,South Dublin City,1,1,Apartment
3850,South Dublin City,1,1,Apartment
1460,North Dublin City,2,1,Apartment
1470,South Dublin City,1,1,Apartment
4400,Dublin City Centre,3,3,Apartment
2200,South Dublin City,3,1,House
2660,North Dublin City,3,2,House
1568,North Dublin City,1,1,Apartment
3600,Dublin City Centre,2,2,Apartment
1850,South Co. Dublin,1,1,Apartment
1525,Dublin City Centre,1,1,Apartment
4000,South Dublin City,4,3,House
1850,Dublin City Centre,2,2,Flat
1200,Dublin City Centre,0,0,Studio
1875,North Dublin City,2,2,Apartment
1950,South Co. Dublin,1,1,Apartment
1650,Dublin City Centre,1,1,Apartment
1550,Dublin City Centre,2,1,Apartment
1650,North Dublin City,1,1,Apartment
4200,South Dublin City,2,2,Apartment
1350,South Dublin City,1,1,Apartment
2100,South Dublin City,2,2,Apartment
2100,South Dublin City,2,2,Apartment
2800,South Dublin City,3,2,House
2500,Dublin City Centre,2,2,Apartment
1800,South Dublin City,1,1,Apartment
2300,South Dublin City,2,2,Apartment
2300,Dublin City Centre,2,2,Apartment
1975,Dublin City Centre,2,1,Apartment
1250,North Dublin City,1,1,Apartment
2000,South Dublin City,2,2,Apartment
2000,Dublin City Centre,2,1,Apartment
2200,South Dublin City,3,1,House
1500,North Co. Dublin,1,1,Apartment
2200,South Dublin City,2,2,Apartment
2295,South Dublin City,2,2,Apartment
2328,Dublin City Centre,3,1,Apartment
1450,Dublin City Centre,1,1,Apartment
2500,North Dublin City,3,2,House
1348,South Dublin City,0,0,Studio
2125,Dublin City Centre,2,1,Apartment
2000,Dublin City Centre,2,1,Apartment
1850,North Dublin City,2,1,Apartment
2200,Dublin City Centre,2,2,Apartment
3640,South Dublin City,2,1,House
2100,South Dublin City,2,2,Apartment
1500,North Co. Dublin,1,1,Apartment
3400,South Dublin City,4,4,House
3600,North Dublin City,5,2,House
2000,North Co. Dublin,4,3,House
2000,Dublin City Centre,2,1,Apartment
1800,South Dublin City,2,1,Apartment
1900,South Co. Dublin,2,1,Apartment
1650,North Dublin City,2,2,Apartment
1540,South Co. Dublin,1,1,Apartment
1000,South Dublin City,0,0,Studio
1965,West Co. Dublin,3,3,House
1800,South Co. Dublin,2,2,Apartment
2900,Dublin City Centre,3,2,Apartment
1585,South Dublin City,1,1,Apartment
2199,South Co. Dublin,2,2,Apartment
1950,Dublin City Centre,2,1,Apartment
1872,North Dublin City,2,2,Apartment
1700,South Dublin City,2,2,Apartment
1300,South Co. Dublin,0,0,Studio
4000,South Dublin City,2,2,Apartment
1950,Dublin City Centre,2,1,Apartment
2300,South Dublin City,2,2,Apartment
1900,West Co. Dublin,2,1,House
2950,South Dublin City,2,2,Apartment
2395,Dublin City Centre,2,1,Apartment
2600,South Dublin City,2,2,Apartment
1400,South Dublin City,2,1,House
1830,Dublin City Centre,2,1,Apartment
1700,North Co. Dublin,2,3,House
1609,South Dublin City,1,1,Apartment
3100,Dublin City Centre,2,2,Apartment
2300,North Co. Dublin,3,2,House
2100,West Co. Dublin,2,2,Apartment
3100,North Dublin City,4,3,House
2500,South Dublin City,2,2,Apartment
2700,North Dublin City,4,1,House
1575,North Dublin City,1,1,Apartment
1450,North Dublin City,1,1,Apartment
2000,North Dublin City,3,2,Apartment
3000,South Dublin City,3,2,Apartment
2000,North Dublin City,3,1,House
1800,South Dublin City,2,1,Apartment
1990,North Dublin City,2,2,Apartment
600,North Dublin City,3,1,House
1750,North Dublin City,2,1,House
1100,North Dublin City,0,0,Studio
2250,North Dublin City,3,1,House
1150,South Dublin City,0,0,Studio
2200,Dublin City Centre,2,1,Apartment
2900,South Dublin City,4,3,House
1600,Dublin City Centre,0,0,Studio
1800,Dublin City Centre,1,1,Apartment
2500,South Dublin City,2,1,House
3304,South Co. Dublin,1,1,Apartment
2288,South Dublin City,3,1,House
3050,South Dublin City,2,3,House
2100,Dublin City Centre,2,1,Apartment
1950,Dublin City Centre,2,1,Apartment
980,South Dublin City,0,0,Studio
1990,North Dublin City,2,2,Apartment
2900,South Dublin City,3,2,House
1680,North Dublin City,1,1,Apartment
3200,South Dublin City,2,2,Apartment
1995,South Co. Dublin,2,2,Apartment
2600,South Dublin City,3,1,House
2200,West Co. Dublin,4,1,Apartment
1350,North Dublin City,0,1,Studio
1400,South Dublin City,1,1,Apartment
1342,West Co. Dublin,1,1,Apartment
1360,Dublin City Centre,1,1,Apartment
2640,South Dublin City,2,3,House
2100,South Dublin City,2,2,Apartment
1650,South Dublin City,1,1,Apartment
1040,North Dublin City,1,1,Apartment
2300,South Dublin City,3,2,House
2200,West Co. Dublin,3,2,House
3750,South Dublin City,4,2,House
920,Dublin City Centre,0,2,Studio
3500,North Dublin City,3,3,House
1770,West Co. Dublin,2,2,Apartment
1850,Dublin City Centre,2,2,Apartment
3050,North Dublin City,4,3,House
1900,South Dublin City,2,2,Apartment
1800,North Dublin City,2,2,Apartment
1700,South Dublin City,2,1,Apartment
1900,Dublin City Centre,2,1,Apartment
1775,South Co. Dublin,2,2,Apartment
1650,South Co. Dublin,2,2,Apartment
2500,Dublin City Centre,2,2,Apartment
1800,Dublin City Centre,1,1,Apartment
2800,North Dublin City,4,3,House
2700,Dublin City Centre,2,2,Apartment
1500,Dublin City Centre,1,1,Apartment
850,South Co. Dublin,1,1,Flat
1000,South Dublin City,0,0,Studio
2650,South Dublin City,1,1,Apartment
2700,Dublin City Centre,2,1,Apartment
2050,South Co. Dublin,2,1,Apartment
2100,North Dublin City,2,1,Apartment
2295,Dublin City Centre,2,2,Apartment
1300,Dublin City Centre,1,1,Apartment
2200,North Dublin City,3,3,Apartment
1890,South Co. Dublin,2,2,Apartment
1750,Dublin City Centre,1,1,Apartment
2200,Dublin City Centre,2,2,Apartment
1800,South Co. Dublin,2,2,Apartment
4500,South Dublin City,3,3,House
1700,Dublin City Centre,1,1,Apartment
2200,West Co. Dublin,3,3,House
2250,South Dublin City,2,1,Apartment
2250,West Co. Dublin,5,3,Apartment
4500,Dublin City Centre,2,2,Apartment
1800,South Dublin City,2,2,Apartment
2000,South Dublin City,2,2,Apartment
1690,Dublin City Centre,1,1,Apartment
1450,North Dublin City,1,1,Apartment
3800,South Dublin City,4,4,House
3700,Dublin City Centre,1,1,Apartment
2200,South Dublin City,2,2,Apartment
1800,North Dublin City,2,2,Apartment
3000,Dublin City Centre,3,2,Apartment
1395,Dublin City Centre,1,1,Apartment
2800,South Dublin City,3,2,House
1560,Dublin City Centre,1,1,Apartment
850,West Co. Dublin,0,0,Studio
2200,South Dublin City,2,2,Apartment
2350,South Dublin City,2,2,Apartment
1800,Dublin City Centre,2,2,Apartment
3275,North Dublin City,4,2,House
1875,South Dublin City,2,1,Apartment
960,North Dublin City,0,0,Studio
1850,South Dublin City,2,1,Apartment
4100,Dublin City Centre,2,2,Apartment
2100,South Dublin City,2,2,Apartment
1750,North Dublin City,2,1,House
4100,South Dublin City,3,2,Apartment
2300,South Dublin City,3,1,House
1319,North Co. Dublin,1,1,Apartment
1850,Dublin City Centre,2,2,Apartment
1800,South Co. Dublin,2,2,Apartment
4400,Dublin City Centre,3,2,House
720,South Dublin City,0,1,Studio
1800,South Dublin City,2,1,Apartment
2200,South Dublin City,2,2,Apartment
2100,Dublin City Centre,2,1,Apartment
2100,Dublin City Centre,2,1,Apartment
1950,South Co. Dublin,2,2,Apartment
1700,North Dublin City,2,2,House
2000,North Dublin City,3,1,Flat
1875,North Dublin City,2,1,House
2200,South Dublin City,2,3,Apartment
1160,North Dublin City,1,1,Apartment
2300,South Co. Dublin,2,2,Apartment
1600,South Dublin City,1,1,Apartment
1900,North Dublin City,2,1,Apartment
1400,South Dublin City,1,1,Flat
2250,South Dublin City,2,1,House
4640,South Dublin City,4,2,House
1620,North Dublin City,1,1,Apartment
1800,North Co. Dublin,2,2,Apartment
2350,South Dublin City,1,1,Apartment
2850,North Dublin City,5,3,Apartment
1300,South Dublin City,0,0,Studio
1750,North Dublin City,2,1,House
2400,North Dublin City,4,2,House
1872,Dublin City Centre,1,1,Apartment
1500,South Dublin City,2,1,Apartment
1200,South Dublin City,1,1,Apartment
2100,West Co. Dublin,3,2,Apartment
1200,North Dublin City,0,0,Studio
1802,South Dublin City,1,1,Apartment
1900,South Co. Dublin,2,2,Apartment
3200,South Dublin City,4,2,House
1980,South Dublin City,2,1,Apartment
1895,South Co. Dublin,2,1,Apartment
2200,Dublin City Centre,2,2,Apartment
2650,Dublin City Centre,3,1,Apartment
2100,Dublin City Centre,2,2,Apartment
1890,South Dublin City,2,1,Apartment
2050,West Co. Dublin,3,3,Apartment
1600,Dublin City Centre,1,1,Apartment
6500,South Dublin City,7,5,House
1700,South Dublin City,1,1,Apartment
1400,South Dublin City,1,1,Apartment
1750,North Dublin City,2,2,Apartment
1200,North Dublin City,1,1,Flat
1600,Dublin City Centre,1,1,Apartment
2800,South Dublin City,3,2,House
3400,South Dublin City,2,2,Apartment
1555,South Dublin City,1,1,Apartment
1800,South Dublin City,2,1,House
2150,Dublin City Centre,2,2,Apartment
2000,North Dublin City,2,1,Apartment
1900,South Dublin City,2,1,Apartment
1850,South Co. Dublin,1,1,Apartment
1300,North Dublin City,7,9,House
1200,North Co. Dublin,0,0,Studio
1926,West Co. Dublin,3,2,Apartment
1200,South Dublin City,1,1,Flat
1850,Dublin City Centre,2,1,Apartment
2500,South Dublin City,2,2,Apartment
1950,West Co. Dublin,2,2,Apartment
1700,North Dublin City,2,1,Apartment
1650,South Co. Dublin,2,2,Apartment
1000,South Dublin City,1,1,Flat
1850,North Dublin City,2,1,Apartment
1350,South Dublin City,1,1,Apartment
2080,South Co. Dublin,2,2,Apartment
3062,Dublin City Centre,3,2,Apartment
1890,South Dublin City,1,1,Apartment
1350,North Dublin City,1,1,Apartment
1600,South Dublin City,2,1,House
1800,North Dublin City,1,1,Apartment
1050,North Co. Dublin,0,0,Studio
2400,South Dublin City,3,2,House
1540,Dublin City Centre,1,1,Apartment
1950,North Dublin City,2,1,House
2000,Dublin City Centre,2,1,Apartment
1535,South Dublin City,2,1,Flat
1600,North Dublin City,1,1,Apartment
1980,South Dublin City,2,1,Apartment
1875,South Dublin City,2,1,Apartment
2700,Dublin City Centre,2,2,Apartment
2300,West Co. Dublin,3,2,House
3000,South Dublin City,3,3,Apartment
2500,North Dublin City,3,1,House
900,North Dublin City,0,0,Studio
1700,South Dublin City,2,1,Apartment
2800,Dublin City Centre,1,2,Apartment
550,South Dublin City,0,1,Studio
2400,North Dublin City,3,1,House
2800,South Dublin City,3,2,House
1850,North Dublin City,2,1,House
1800,Dublin City Centre,1,1,Apartment
1900,North Dublin City,2,2,Apartment
1700,Dublin City Centre,1,1,Apartment
1720,Dublin City Centre,2,1,Apartment
2500,South Dublin City,2,2,Apartment
2600,North Dublin City,3,1,House
2400,South Dublin City,2,2,Apartment
2400,North Dublin City,3,3,House
960,South Dublin City,0,0,Studio
2500,South Dublin City,2,2,Apartment
1800,South Dublin City,2,1,Apartment
1200,North Dublin City,1,1,Apartment
1850,South Co. Dublin,1,1,Apartment
2100,South Co. Dublin,2,2,Apartment
1900,South Co. Dublin,2,2,Apartment
1750,South Dublin City,1,1,Apartment
2000,North Dublin City,3,2,Apartment
2090,South Dublin City,2,2,Apartment
1800,Dublin City Centre,2,2,Apartment
1950,Dublin City Centre,2,2,Apartment
1800,Dublin City Centre,2,1,Apartment
1600,Dublin City Centre,1,1,Apartment
3200,North Dublin City,3,4,House
1320,South Dublin City,1,1,Apartment
1800,South Dublin City,1,1,Apartment
1800,Dublin City Centre,1,1,Apartment
1400,South Dublin City,1,1,Apartment
1800,North Dublin City,2,2,Apartment
1550,Dublin City Centre,1,1,Apartment
1875,North Dublin City,2,2,Apartment
1800,South Co. Dublin,2,2,Apartment
2900,South Dublin City,2,2,Apartment
1950,South Dublin City,1,1,Apartment
2700,South Dublin City,2,2,Apartment
1620,North Co. Dublin,2,1,Apartment
1700,South Co. Dublin,2,2,Apartment
2100,South Dublin City,2,2,Apartment
1400,South Dublin City,1,1,Apartment
2586,Dublin City Centre,3,1,Apartment
1400,North Dublin City,1,1,Apartment
1700,South Dublin City,2,1,Apartment
1040,South Dublin City,0,1,Studio
2500,South Dublin City,2,1,Apartment
1900,South Dublin City,2,1,Apartment
3000,Dublin City Centre,3,2,Apartment
2000,North Dublin City,2,2,Apartment
920,North Dublin City,0,0,Studio
3950,South Dublin City,3,2,Apartment
1250,South Dublin City,0,0,Studio
1050,South Co. Dublin,0,0,Studio
1400,North Dublin City,1,1,Apartment
1943,South Dublin City,2,2,Apartment
1710,South Dublin City,2,1,Apartment
1825,West Co. Dublin,2,1,Apartment
1750,South Dublin City,1,1,Apartment
2075,West Co. Dublin,3,2,House
1950,North Co. Dublin,3,2,House
1800,South Dublin City,2,1,Apartment
2700,Dublin City Centre,3,2,Apartment
2500,South Co. Dublin,2,2,Apartment
1200,North Co. Dublin,1,1,Apartment
2000,West Co. Dublin,3,3,Apartment
2000,South Dublin City,2,1,Apartment
1650,Dublin City Centre,1,1,Apartment
2000,North Dublin City,3,1,House
1200,South Dublin City,1,1,Apartment
5950,South Dublin City,2,2,Apartment
1950,South Dublin City,1,1,Apartment
1795,Dublin City Centre,2,1,Apartment
1200,South Dublin City,0,0,Studio
1750,Dublin City Centre,1,1,Apartment
1650,Dublin City Centre,1,1,Apartment
1900,West Co. Dublin,2,2,Apartment
2290,North Co. Dublin,5,3,House
2300,North Dublin City,3,2,Apartment
2400,South Dublin City,2,2,Apartment
2100,Dublin City Centre,0,0,Studio
1750,Dublin City Centre,1,1,Apartment
2200,West Co. Dublin,3,2,House
2780,South Dublin City,3,2,House
2007,North Dublin City,3,1,House
1780,Dublin City Centre,1,1,Apartment
2000,West Co. Dublin,3,2,House
2500,North Co. Dublin,4,3,House
2675,South Co. Dublin,3,2,House
2300,South Dublin City,3,2,House
1500,South Co. Dublin,2,1,Apartment
2600,South Dublin City,3,2,House
1890,South Dublin City,1,1,Flat
1550,Dublin City Centre,2,1,Apartment
1875,North Dublin City,2,2,Apartment
2150,Dublin City Centre,2,1,Apartment
1700,South Dublin City,1,1,Apartment
2600,Dublin City Centre,2,2,Apartment
3100,North Dublin City,4,1,House
1950,West Co. Dublin,2,2,Apartment
2400,Dublin City Centre,2,2,Apartment
1950,South Dublin City,2,1,Apartment
2500,North Dublin City,3,3,Apartment
1840,North Co. Dublin,2,3,House
900,North Dublin City,0,0,Studio
1200,Dublin City Centre,1,1,Apartment
3980,South Dublin City,1,1,Apartment
2000,South Dublin City,2,1,Apartment
1460,Dublin City Centre,2,1,Apartment
1875,South Dublin City,2,1,Apartment
1850,North Dublin City,2,1,Apartment
2100,North Dublin City,2,1,Apartment
2235,Dublin City Centre,3,1,House
2000,South Dublin City,2,1,Apartment
1975,South Dublin City,2,1,Apartment
1550,South Dublin City,1,1,Flat
2000,North Dublin City,3,1,House
2395,Dublin City Centre,2,1,Apartment
2100,South Dublin City,2,2,Apartment
1650,South Co. Dublin,2,2,Apartment
975,North Dublin City,0,0,Studio
2800,South Dublin City,3,2,House
2100,South Dublin City,2,2,Apartment
1620,South Dublin City,1,1,Apartment
3100,South Dublin City,2,2,Apartment
2300,South Dublin City,3,1,House
1650,West Co. Dublin,2,1,House
1900,North Dublin City,2,2,Apartment
1795,Dublin City Centre,1,1,Apartment
1100,Dublin City Centre,1,1,Apartment
2050,South Dublin City,2,2,Apartment
1200,North Dublin City,1,1,Flat
4200,South Co. Dublin,2,2,House
1875,North Dublin City,2,1,Apartment
2800,North Co. Dublin,4,5,House
2200,South Dublin City,2,2,Apartment
1200,South Dublin City,1,1,Flat
1950,South Dublin City,2,1,Apartment
2500,South Dublin City,2,1,House
1800,West Co. Dublin,4,4,House
1600,Dublin City Centre,0,0,Studio
1695,Dublin City Centre,2,1,Apartment
2400,South Dublin City,1,1,Flat
1800,North Dublin City,2,1,Apartment
2500,South Dublin City,2,2,Apartment
2100,South Co. Dublin,2,2,Apartment
1800,North Dublin City,2,2,Apartment
2675,South Dublin City,2,2,Apartment
2100,South Co. Dublin,2,2,Apartment
2200,Dublin City Centre,2,2,Apartment
1995,Dublin City Centre,2,2,Apartment
1200,Dublin City Centre,0,0,Studio
2250,Dublin City Centre,2,1,Apartment
1900,South Co. Dublin,2,1,Apartment
2400,South Dublin City,1,1,Apartment
1850,South Co. Dublin,1,1,Apartment
1700,South Dublin City,2,1,House
2050,South Dublin City,2,2,Apartment
1950,South Dublin City,1,1,Apartment
1450,North Dublin City,1,1,House
1700,North Co. Dublin,2,3,House
1950,Dublin City Centre,2,1,Apartment
895,South Dublin City,0,0,Studio
2000,South Dublin City,2,2,Apartment
1450,North Dublin City,1,1,Apartment
1000,North Dublin City,1,1,Flat
2100,West Co. Dublin,2,2,Apartment
3900,South Dublin City,3,2,House
3150,South Dublin City,4,2,House
1700,South Dublin City,2,2,Apartment
2100,South Dublin City,2,1,Apartment
2350,North Co. Dublin,3,2,House
900,South Dublin City,0,0,Studio
1781,Dublin City Centre,2,1,Apartment
2695,South Co. Dublin,3,2,House
1950,Dublin City Centre,2,2,Apartment
1200,North Dublin City,1,1,Flat
1800,North Co. Dublin,2,2,Apartment
1200,North Co. Dublin,0,0,Studio
2100,North Dublin City,2,1,Apartment
2400,South Dublin City,2,2,Apartment
3360,Dublin City Centre,1,1,Apartment
3009,South Dublin City,3,2,Apartment
2295,Dublin City Centre,2,2,Apartment
1250,South Dublin City,1,1,Apartment
1900,Dublin City Centre,1,1,Apartment
3600,Dublin City Centre,2,2,Apartment
1550,Dublin City Centre,1,1,House
2500,South Dublin City,2,2,Apartment
1500,South Dublin City,1,1,Apartment
2250,North Dublin City,1,1,Apartment
1000,West Co. Dublin,0,1,Studio
3950,South Co. Dublin,3,2,Apartment
1800,North Dublin City,2,1,Apartment
2500,Dublin City Centre,2,2,Apartment
1700,South Dublin City,1,1,Apartment
3700,South Dublin City,5,2,House
1350,Dublin City Centre,1,1,Apartment
2300,South Dublin City,3,2,House
1660,South Co. Dublin,1,1,Apartment
2900,South Dublin City,4,3,House
1850,Dublin City Centre,1,1,Apartment
2300,South Co. Dublin,3,2,Apartment
1780,Dublin City Centre,1,1,Apartment
2075,West Co. Dublin,3,3,Apartment
1900,South Co. Dublin,1,1,Apartment
2250,West Co. Dublin,4,4,House
2650,South Dublin City,2,2,House
1795,Dublin City Centre,2,1,Apartment
2800,South Dublin City,2,2,Apartment
1500,West Co. Dublin,1,1,Apartment
1400,North Dublin City,1,1,Apartment
7500,Dublin City Centre,6,2,House
1150,South Dublin City,0,0,Studio
2000,West Co. Dublin,3,2,House
1850,North Co. Dublin,3,1,House
1650,North Dublin City,2,1,Apartment
1750,South Co. Dublin,2,2,Apartment
1995,South Co. Dublin,2,2,Apartment
2433,Dublin City Centre,3,1,Apartment
2100,South Dublin City,2,1,Apartment
1400,South Dublin City,1,1,Apartment
1600,Dublin City Centre,1,1,Apartment
3640,South Dublin City,2,2,Apartment
2200,Dublin City Centre,3,1,Apartment
2000,South Co. Dublin,2,2,Apartment
915,North Co. Dublin,0,0,Studio
1950,West Co. Dublin,2,2,Apartment
1870,Dublin City Centre,1,1,Apartment
2043,South Dublin City,2,2,House
1650,South Dublin City,1,1,Apartment
1350,North Dublin City,1,1,Apartment
2000,North Dublin City,2,1,Apartment
1840,South Dublin City,2,1,Apartment
1555,Dublin City Centre,1,1,Apartment
1550,South Co. Dublin,1,1,Apartment
1450,North Co. Dublin,2,1,Apartment
2100,South Co. Dublin,2,2,Apartment
1200,South Dublin City,1,1,Apartment
1400,South Dublin City,1,1,Apartment
1950,South Dublin City,2,2,Apartment
4800,South Dublin City,2,2,Apartment
1800,South Dublin City,1,1,Apartment
2000,North Dublin City,2,2,Apartment
840,Dublin City Centre,1,1,Apartment
2000,North Dublin City,2,2,Apartment
1800,Dublin City Centre,2,1,Apartment
1650,West Co. Dublin,2,2,Apartment
2000,South Dublin City,2,2,Apartment
1000,North Dublin City,1,1,Flat
3300,South Dublin City,3,2,Apartment
1575,Dublin City Centre,1,1,Apartment
3360,South Co. Dublin,2,2,Apartment
960,South Dublin City,0,0,Studio
1100,Dublin City Centre,0,0,Studio
2850,Dublin City Centre,2,2,Apartment
1500,North Dublin City,1,1,Apartment
2000,Dublin City Centre,2,1,Apartment
2100,North Dublin City,2,1,Apartment
1200,Dublin City Centre,1,1,Apartment
1950,South Co. Dublin,2,2,Apartment
1950,Dublin City Centre,2,1,Apartment
2500,Dublin City Centre,1,1,Apartment
1650,South Dublin City,1,1,Apartment
2200,South Dublin City,2,1,Apartment
1950,South Dublin City,2,1,House
2300,South Dublin City,2,2,Apartment
1815,South Dublin City,2,1,Apartment
1872,South Dublin City,2,1,Apartment
3000,Dublin City Centre,3,2,Apartment
3000,South Co. Dublin,3,2,House
1800,North Dublin City,2,1,Apartment
1500,Dublin City Centre,1,1,Apartment
3900,South Dublin City,1,1,Apartment
2350,West Co. Dublin,3,3,House
2595,South Dublin City,1,1,Apartment
1350,North Dublin City,0,0,Studio
1450,Dublin City Centre,1,1,Apartment
1850,North Dublin City,2,1,Apartment
1800,South Co. Dublin,2,1,Apartment
2300,North Dublin City,3,3,Apartment
3000,South Dublin City,2,2,Apartment
1775,South Co. Dublin,2,2,Apartment
2000,West Co. Dublin,4,1,House
1680,North Dublin City,2,1,House
4200,Dublin City Centre,2,2,House
1580,Dublin City Centre,1,1,Apartment
1800,Dublin City Centre,1,1,Apartment
2500,Dublin City Centre,2,2,Apartment
1950,South Dublin City,1,1,Apartment
2200,South Co. Dublin,2,2,Apartment
1750,North Dublin City,1,1,Apartment
3500,Dublin City Centre,5,2,House
1627,South Dublin City,1,1,Apartment
1450,West Co. Dublin,1,1,Apartment
2200,South Co. Dublin,2,2,Apartment
2450,West Co. Dublin,3,3,Apartment
3800,Dublin City Centre,1,1,House
1627,Dublin City Centre,1,1,Apartment
2300,South Dublin City,3,1,Apartment
1100,North Dublin City,1,1,Flat
1160,North Dublin City,2,1,Apartment
3950,Dublin City Centre,1,1,Apartment
4200,South Co. Dublin,1,1,Apartment
1450,South Dublin City,0,0,Studio
1425,South Dublin City,1,1,Apartment
2045,Dublin City Centre,2,1,Apartment
1900,North Dublin City,2,2,Apartment
1584,South Co. Dublin,1,2,Apartment
1950,North Co. Dublin,3,3,House
1600,South Dublin City,2,1,Apartment
2185,South Dublin City,2,2,Apartment
1600,North Dublin City,1,1,Apartment
1800,Dublin City Centre,2,1,Apartment
1950,Dublin City Centre,2,1,Apartment
2150,South Dublin City,1,1,Apartment
2290,Dublin City Centre,1,1,Apartment
2514,South Dublin City,2,1,Apartment
2250,North Dublin City,3,1,House
1800,Dublin City Centre,2,1,Apartment
980,North Dublin City,1,1,House
2600,South Dublin City,2,3,House
2500,South Dublin City,1,1,Apartment
1300,South Dublin City,1,1,Apartment
2100,South Dublin City,3,1,House
1150,South Dublin City,1,1,Apartment
1585,Dublin City Centre,1,1,Apartment
1754,South Dublin City,0,0,Studio
2100,Dublin City Centre,2,1,Apartment
2000,South Dublin City,2,1,Apartment
1750,Dublin City Centre,1,1,Apartment
2400,South Dublin City,4,3,House
1700,South Dublin City,2,1,Apartment
2800,South Dublin City,3,2,House
1437,South Dublin City,2,1,Apartment
2250,Dublin City Centre,3,1,Apartment
1800,Dublin City Centre,2,1,Apartment
2595,West Co. Dublin,4,4,House
2400,Dublin City Centre,2,2,Apartment
1200,North Dublin City,1,1,Apartment
1950,Dublin City Centre,2,1,Apartment
1095,South Dublin City,1,1,Flat
2200,South Dublin City,2,1,House
1890,South Dublin City,2,1,Apartment
2100,South Co. Dublin,2,2,Apartment
1875,North Dublin City,2,1,House
1690,South Dublin City,1,1,Apartment
2000,West Co. Dublin,3,2,House
3000,South Co. Dublin,5,2,House
2750,Dublin City Centre,3,2,Apartment
1300,South Dublin City,1,1,Apartment
2100,Dublin City Centre,2,2,Apartment
1900,West Co. Dublin,4,1,House
1600,South Co. Dublin,2,1,Apartment
2250,Dublin City Centre,2,1,Apartment
1900,South Dublin City,2,1,Apartment
1200,South Dublin City,0,1,Studio
2000,South Dublin City,2,2,Apartment
2000,West Co. Dublin,4,3,House
1350,South Dublin City,0,0,Studio
1920,South Dublin City,2,2,Apartment
7500,South Co. Dublin,6,2,Apartment
2195,South Dublin City,2,1,House
2900,South Co. Dublin,3,2,Apartment
2800,South Dublin City,4,1,House
2500,South Dublin City,3,2,House
1550,West Co. Dublin,2,2,Apartment
1200,North Dublin City,0,0,Studio
1450,Dublin City Centre,1,1,Apartment
2400,West Co. Dublin,3,3,House
1900,South Dublin City,2,2,House
1900,North Dublin City,2,1,Apartment
878,North Dublin City,0,0,Studio
1100,South Dublin City,0,0,Studio
1800,South Dublin City,2,1,Apartment
2250,South Dublin City,3,2,House
1600,Dublin City Centre,1,1,Apartment
1550,Dublin City Centre,1,1,Apartment
2500,Dublin City Centre,3,1,Apartment
1404,South Dublin City,1,1,Apartment
2900,South Dublin City,3,2,Apartment
1660,South Dublin City,2,2,House
2200,Dublin City Centre,2,1,Apartment
1795,Dublin City Centre,1,1,Apartment
1660,South Co. Dublin,1,1,Apartment
2000,South Dublin City,2,1,Apartment
2600,Dublin City Centre,2,1,Apartment
1800,South Co. Dublin,2,2,Apartment
1800,Dublin City Centre,2,1,Apartment
1500,Dublin City Centre,1,1,Apartment
1850,Dublin City Centre,1,1,Apartment
1400,Dublin City Centre,0,0,Studio
550,North Dublin City,1,1,Apartment
1200,Dublin City Centre,1,1,Apartment
2045,South Dublin City,2,2,Apartment
1550,South Dublin City,1,1,Apartment
1560,North Co. Dublin,2,1,Apartment
2850,Dublin City Centre,3,2,Apartment
2500,Dublin City Centre,2,2,Apartment
900,North Dublin City,1,1,House
1825,North Dublin City,2,1,Apartment
3300,South Dublin City,1,1,Flat
2700,Dublin City Centre,3,2,Apartment
1800,Dublin City Centre,2,1,Apartment
3600,South Dublin City,3,2,House
1850,South Dublin City,2,1,Apartment
965,North Dublin City,4,3,House
1625,North Dublin City,1,1,Apartment
1890,South Dublin City,1,1,Apartment
2400,South Dublin City,2,2,Apartment
1800,North Dublin City,1,1,Apartment
1900,South Dublin City,2,1,Apartment
2365,South Dublin City,2,2,Apartment
850,South Dublin City,1,1,Flat
1500,South Dublin City,1,1,Flat
4200,South Dublin City,1,1,Apartment
2100,South Dublin City,2,2,Apartment
1650,West Co. Dublin,2,1,House
1700,Dublin City Centre,1,1,Apartment
2300,North Dublin City,3,2,Apartment
3360,Dublin City Centre,2,1,Apartment
1311,South Co. Dublin,1,1,Flat
1990,South Dublin City,2,1,Apartment
2700,Dublin City Centre,2,2,Apartment
1995,South Dublin City,2,2,Apartment
1320,South Dublin City,1,1,Apartment
685,Dublin City Centre,0,0,Studio
1450,South Dublin City,1,1,Apartment
2250,Dublin City Centre,2,2,Apartment
2300,South Dublin City,2,2,Apartment
850,North Dublin City,0,0,Studio
1800,Dublin City Centre,2,1,Apartment
1700,Dublin City Centre,1,1,Apartment
1875,North Dublin City,2,2,Apartment
1160,North Dublin City,1,1,Apartment
1850,North Dublin City,2,1,Apartment
3000,South Dublin City,1,1,Apartment
1700,Dublin City Centre,1,1,Apartment
3600,South Dublin City,3,2,Apartment
2250,Dublin City Centre,2,2,Apartment
1150,North Co. Dublin,1,1,Apartment
2145,South Dublin City,2,1,Apartment
1800,Dublin City Centre,2,2,Apartment
1250,North Dublin City,1,1,Apartment
1995,South Co. Dublin,2,1,Apartment
2500,South Dublin City,2,1,Apartment
1592,South Dublin City,1,1,Apartment
3400,North Dublin City,4,2,Apartment
2200,Dublin City Centre,2,2,Apartment
2328,South Co. Dublin,2,2,Apartment
1930,South Dublin City,2,2,Apartment
1695,Dublin City Centre,2,1,Apartment
700,South Dublin City,0,0,Studio
2250,North Dublin City,1,1,Apartment
3500,South Dublin City,4,2,House
1600,Dublin City Centre,1,1,Apartment
3000,Dublin City Centre,3,2,Apartment
1750,South Dublin City,0,0,Studio
2250,South Dublin City,2,1,Apartment
1950,North Co. Dublin,3,3,House
2700,Dublin City Centre,2,2,Apartment
2200,Dublin City Centre,3,1,Apartment
2400,South Dublin City,2,2,Apartment
1875,South Dublin City,2,1,Apartment
1600,Dublin City Centre,0,0,Studio
920,North Dublin City,0,0,Studio
1175,South Dublin City,0,0,Studio
2500,Dublin City Centre,1,1,Apartment
1758,North Dublin City,2,1,House
1990,Dublin City Centre,1,1,Apartment
2150,Dublin City Centre,2,1,House
1350,North Dublin City,0,0,Studio
2080,South Dublin City,2,2,Apartment
2000,North Dublin City,3,1,House
3370,South Dublin City,4,3,House
6500,South Dublin City,1,1,Apartment
2000,North Dublin City,2,2,Apartment
1000,South Dublin City,0,1,Studio
2600,Dublin City Centre,3,2,Apartment
2600,North Dublin City,3,1,House
1800,Dublin City Centre,1,1,Apartment
1775,South Co. Dublin,1,1,Apartment
1520,Dublin City Centre,1,1,Apartment
1895,South Dublin City,2,1,Apartment
1000,West Co. Dublin,1,1,Flat
850,South Dublin City,0,0,Studio
1800,North Dublin City,2,2,Apartment
550,North Dublin City,2,1,Apartment
3500,South Dublin City,3,2,Apartment
3850,South Dublin City,4,3,House
1300,South Dublin City,1,1,Apartment
2595,Dublin City Centre,3,1,Apartment
1800,South Dublin City,1,1,Apartment
2200,Dublin City Centre,2,2,Apartment
2900,South Dublin City,4,3,House
1000,South Dublin City,1,1,Flat
1650,North Dublin City,2,2,Apartment
4100,Dublin City Centre,1,1,House
2350,Dublin City Centre,2,1,Apartment
1800,South Dublin City,2,1,Apartment
5950,Dublin City Centre,3,3,Apartment
2200,West Co. Dublin,3,2,House
1980,South Co. Dublin,2,2,Apartment
1630,North Dublin City,2,2,Apartment
1700,Dublin City Centre,2,1,House
2000,South Dublin City,2,1,Apartment
1450,Dublin City Centre,1,1,Apartment
1675,North Dublin City,1,1,Apartment
1875,North Dublin City,2,1,House
2200,Dublin City Centre,1,1,Apartment
1200,Dublin City Centre,1,1,Apartment
1550,South Dublin City,1,1,Apartment
2000,West Co. Dublin,4,1,Apartment
2000,South Dublin City,2,1,Apartment
2000,South Dublin City,2,1,House
1200,Dublin City Centre,0,0,Studio
1500,Dublin City Centre,2,1,Apartment
2200,South Dublin City,2,1,House
1650,South Co. Dublin,2,2,Apartment
1550,South Dublin City,1,1,Apartment
2300,South Co. Dublin,2,2,Apartment
4600,South Dublin City,2,2,Apartment
1900,Dublin City Centre,2,1,Apartment
2600,Dublin City Centre,3,2,Apartment
4000,South Dublin City,2,2,Apartment
3980,South Dublin City,3,3,House
900,South Dublin City,0,0,Studio
4800,South Dublin City,3,4,Apartment
2200,Dublin City Centre,2,2,Apartment
2000,Dublin City Centre,2,2,Apartment
1950,North Co. Dublin,2,2,Apartment
2100,Dublin City Centre,2,1,Apartment
2650,South Dublin City,3,2,House
1675,Dublin City Centre,2,1,Apartment
3450,Co. Dublin,5,2,House
1550,South Dublin City,1,1,Apartment
2400,South Dublin City,2,2,Apartment
1850,South Dublin City,2,2,Apartment
1320,Dublin City Centre,1,1,Flat
2800,Dublin City Centre,3,2,Apartment
1600,South Co. Dublin,3,1,House
1950,Dublin City Centre,2,1,Flat
3850,South Dublin City,4,3,House
2150,Dublin City Centre,2,1,Apartment
980,North Dublin City,1,1,Apartment
7000,South Dublin City,6,5,House
2200,Dublin City Centre,2,2,Apartment
1890,Dublin City Centre,1,1,House
2780,South Dublin City,3,2,Apartment
2650,Dublin City Centre,2,2,Apartment
2100,Dublin City Centre,2,1,Apartment
1800,North Dublin City,2,2,Apartment
965,Dublin City Centre,0,0,Studio
2700,Dublin City Centre,3,2,House
850,Dublin City Centre,2,2,Apartment
2000,Dublin City Centre,2,1,Apartment
1800,South Dublin City,2,1,Apartment
2000,South Dublin City,2,1,Apartment
2200,West Co. Dublin,4,2,House
1600,South Co. Dublin,1,1,Apartment
2295,South Co. Dublin,3,1,Flat
1681,South Co. Dublin,1,1,Apartment
1850,North Dublin City,2,1,Apartment
2400,South Dublin City,3,4,House
2100,South Dublin City,2,1,Apartment
985,South Dublin City,0,0,Studio
1800,South Dublin City,1,1,Apartment
1956,North Co. Dublin,3,3,House
2495,South Dublin City,1,1,Apartment
3300,South Dublin City,3,2,House
2000,West Co. Dublin,3,2,House
1750,Dublin City Centre,1,1,Apartment
2300,South Dublin City,2,2,Apartment
1900,West Co. Dublin,3,1,Apartment
2600,South Dublin City,3,2,House
2200,Dublin City Centre,2,2,Apartment
3360,Dublin City Centre,1,2,Apartment
2250,Dublin City Centre,3,2,Apartment
2000,South Co. Dublin,2,1,Apartment
1815,North Dublin City,2,3,House
2590,South Dublin City,2,1,Apartment
1150,North Dublin City,1,1,Apartment
2000,Dublin City Centre,2,1,Apartment
2300,South Dublin City,2,1,Apartment
3000,South Dublin City,2,2,Apartment
1200,South Dublin City,1,1,Flat
1374,Dublin City Centre,1,1,Apartment
1900,South Dublin City,2,1,Apartment
2600,North Dublin City,3,1,House
2000,South Dublin City,2,1,Apartment
3360,Dublin City Centre,1,1,Apartment
2200,Dublin City Centre,2,1,Apartment
7500,South Co. Dublin,5,4,House
2235,North Co. Dublin,4,4,House
1500,North Dublin City,2,2,Apartment
1930,South Co. Dublin,2,2,Apartment
2500,Dublin City Centre,2,2,Apartment
800,South Dublin City,0,0,Studio
2000,North Dublin City,3,1,House
1050,Dublin City Centre,1,1,Flat
1600,Dublin City Centre,1,1,Apartment
1400,South Dublin City,1,1,Apartment
1200,Dublin City Centre,1,1,Flat
3500,North Dublin City,5,1,Apartment
1800,North Dublin City,2,2,Apartment
1600,Dublin City Centre,1,1,Apartment
2500,Dublin City Centre,3,2,Apartment
1400,South Dublin City,2,1,Apartment
2550,North Co. Dublin,4,3,House
2750,Dublin City Centre,1,1,Apartment
1700,South Dublin City,2,1,Apartment
1976,Dublin City Centre,2,2,Apartment
1800,South Dublin City,1,1,Apartment
5950,Dublin City Centre,2,2,Apartment
1724,Dublin City Centre,1,1,Apartment
1150,Dublin City Centre,1,1,Apartment
1900,South Dublin City,3,1,House
1300,North Dublin City,1,2,Flat
2250,North Dublin City,1,1,Apartment
2300,South Dublin City,2,1,House
2300,South Co. Dublin,3,2,Apartment
2050,South Dublin City,2,2,Apartment
1956,South Dublin City,2,1,House
1200,South Dublin City,0,0,Studio
1595,South Co. Dublin,1,1,House
1400,South Dublin City,1,1,Apartment
1700,North Dublin City,2,1,Apartment
1850,South Dublin City,2,2,Apartment
2200,South Co. Dublin,2,1,Apartment
1600,Dublin City Centre,1,1,Apartment
1875,North Dublin City,2,2,Apartment
1724,Dublin City Centre,1,1,Apartment
1700,Dublin City Centre,1,1,Apartment
1675,Dublin City Centre,1,1,House
2200,West Co. Dublin,4,3,House
1592,South Dublin City,1,1,Apartment
2000,West Co. Dublin,3,3,House
1700,South Dublin City,2,2,Apartment
4100,South Dublin City,1,1,Apartment
1550,West Co. Dublin,2,1,Apartment
2900,North Dublin City,5,2,House
2500,South Dublin City,2,1,Apartment
2050,South Dublin City,2,2,Apartment
1992,South Dublin City,2,1,Apartment
1850,Dublin City Centre,1,1,Apartment
1550,Dublin City Centre,1,1,Apartment
2350,North Dublin City,3,2,House
1665,Dublin City Centre,1,1,Apartment
920,North Dublin City,0,1,Studio
6000,South Co. Dublin,9,9,House
2000,Dublin City Centre,2,1,Apartment
800,North Dublin City,0,0,Studio
2000,West Co. Dublin,3,3,Apartment
3528,West Co. Dublin,4,4,House
2200,South Dublin City,2,2,Apartment
2200,South Dublin City,2,2,Apartment
2075,Dublin City Centre,2,1,Apartment
2800,North Dublin City,5,2,House
1992,North Dublin City,2,2,Apartment
1250,North Dublin City,0,0,Studio
4600,South Dublin City,2,2,Apartment
1550,South Co. Dublin,1,1,Apartment
1550,Dublin City Centre,1,1,Apartment
1850,South Dublin City,2,2,Apartment
920,Dublin City Centre,2,2,Flat
2500,Dublin City Centre,2,2,Apartment
2185,South Dublin City,3,2,House
840,West Co. Dublin,0,0,Studio
1550,Dublin City Centre,1,1,Apartment
1435,South Dublin City,1,1,Apartment
1450,South Dublin City,1,1,Apartment
3360,Dublin City Centre,1,2,Apartment
1150,South Dublin City,0,0,Studio
1700,North Dublin City,2,1,Apartment
5700,South Co. Dublin,2,2,Apartment
1800,South Co. Dublin,2,1,Apartment
1500,Dublin City Centre,1,1,Apartment
2184,South Dublin City,3,3,Apartment
2390,South Co. Dublin,3,2,Apartment
2200,South Dublin City,3,1,House
1165,Dublin City Centre,2,2,Apartment
1770,South Dublin City,1,1,Apartment
2800,Dublin City Centre,1,1,Apartment
1150,South Dublin City,0,0,Studio
2590,North Co. Dublin,4,3,House
1250,Dublin City Centre,0,0,Studio
2370,Dublin City Centre,2,2,Apartment
1435,South Dublin City,2,1,Apartment
2000,South Dublin City,2,2,Apartment
1950,North Co. Dublin,2,2,Apartment
1700,South Dublin City,2,2,Apartment
3500,South Dublin City,5,2,House
1950,West Co. Dublin,2,2,Apartment
2200,South Dublin City,2,1,Apartment
2295,South Co. Dublin,2,2,Apartment
1600,South Co. Dublin,1,1,Apartment
1990,South Dublin City,2,2,Apartment
1650,West Co. Dublin,2,1,Apartment
1400,North Dublin City,1,1,Apartment
1300,North Dublin City,0,0,Studio
1850,South Dublin City,1,1,Apartment
1950,South Dublin City,2,1,Apartment
1686,South Dublin City,1,1,Apartment
1692,Dublin City Centre,2,1,Apartment
1900,North Dublin City,2,1,House
3500,West Co. Dublin,4,4,House
2000,South Dublin City,2,2,Apartment
1400,South Dublin City,1,1,Apartment
2000,Dublin City Centre,2,1,Apartment
1595,Dublin City Centre,1,1,Apartment
900,South Dublin City,0,0,Studio
1700,South Dublin City,2,1,Apartment
1680,Dublin City Centre,2,1,Apartment
550,North Dublin City,4,4,Apartment
980,North Dublin City,4,3,House
1600,West Co. Dublin,3,1,House
1500,West Co. Dublin,2,1,Apartment
2200,South Dublin City,2,1,Apartment
2051,South Dublin City,2,2,Apartment
2290,Dublin City Centre,2,2,Apartment
1800,South Dublin City,2,2,Apartment
1400,South Dublin City,1,1,Apartment
2045,South Dublin City,2,1,Apartment
1200,South Dublin City,0,0,Studio
2200,Dublin City Centre,2,2,Apartment
1500,Dublin City Centre,1,1,Apartment
1200,Dublin City Centre,1,1,Apartment
2350,North Dublin City,3,2,House
3100,Dublin City Centre,3,2,Apartment
1480,South Dublin City,1,1,Apartment
1800,Dublin City Centre,2,1,Apartment
1900,South Dublin City,2,1,Apartment
1700,South Dublin City,2,2,House
2500,Dublin City Centre,2,2,Apartment
2050,South Co. Dublin,2,1,Apartment
1700,West Co. Dublin,2,2,Apartment
2200,Dublin City Centre,2,1,Apartment
1450,North Dublin City,1,1,Apartment
2500,Dublin City Centre,2,2,Apartment
2100,West Co. Dublin,3,3,Apartment
1280,South Dublin City,1,1,Apartment
2200,Dublin City Centre,2,1,Apartment
4000,Dublin City Centre,2,3,House
2132,South Dublin City,2,1,Apartment
1200,North Dublin City,1,1,Flat
1280,South Co. Dublin,1,1,Apartment
1100,North Dublin City,0,0,Studio
1681,South Co. Dublin,2,2,Apartment
3000,North Dublin City,4,4,House
1875,South Dublin City,2,1,Apartment
1866,Dublin City Centre,1,1,Apartment
1550,South Dublin City,1,1,Apartment
1417,West Co. Dublin,1,1,Apartment
2200,South Dublin City,2,2,Apartment
1900,South Dublin City,2,1,Apartment
1520,South Dublin City,2,1,Apartment
1100,Dublin City Centre,0,0,Studio
1600,Dublin City Centre,1,1,Apartment
1600,South Dublin City,1,1,Apartment
1200,South Dublin City,1,1,Apartment
2100,South Dublin City,2,2,Apartment
1417,West Co. Dublin,2,2,Apartment
2400,South Dublin City,4,2,House
1650,South Co. Dublin,1,1,Apartment
1124,North Dublin City,1,1,Apartment
1900,Dublin City Centre,1,1,Apartment
2800,Dublin City Centre,2,2,Apartment
1650,South Dublin City,1,1,Apartment
2700,Dublin City Centre,3,2,Apartment
1926,North Dublin City,2,1,Flat
1800,North Dublin City,2,1,Apartment
640,North Dublin City,0,0,Studio
1650,North Dublin City,2,2,Apartment
2000,North Co. Dublin,2,2,Apartment
1986,South Co. Dublin,2,1,House
1950,Dublin City Centre,2,1,Apartment
1530,Dublin City Centre,1,1,Apartment
2100,Dublin City Centre,2,1,Apartment
1750,South Dublin City,2,1,Apartment
2200,South Dublin City,3,2,Apartment
2400,South Dublin City,2,2,Apartment
980,North Dublin City,0,0,Studio
700,West Co. Dublin,3,1,House
1150,Dublin City Centre,1,1,Studio
2400,South Dublin City,2,2,Apartment
2217,Dublin City Centre,2,1,Apartment
1800,South Dublin City,2,2,Apartment
2000,West Co. Dublin,3,3,House
1650,South Co. Dublin,2,2,Apartment
6200,South Dublin City,7,9,House
2000,North Dublin City,2,1,Apartment
1700,South Dublin City,2,1,Apartment
2750,Dublin City Centre,1,1,Apartment
2175,South Co. Dublin,2,2,Apartment
2350,South Co. Dublin,3,2,House
1550,North Dublin City,1,1,Apartment
685,South Dublin City,9,4,House
2000,Dublin City Centre,2,1,Apartment
1700,South Dublin City,1,1,Apartment
3900,South Dublin City,3,2,House
2200,West Co. Dublin,3,3,House
1950,North Dublin City,2,2,Apartment
1550,South Dublin City,1,1,Apartment
1700,South Dublin City,2,1,Apartment
1695,South Dublin City,1,1,Apartment
1995,Dublin City Centre,2,1,Apartment
2300,Dublin City Centre,2,2,Apartment
1850,South Dublin City,2,1,Apartment
1450,North Dublin City,1,1,Apartment
1600,North Dublin City,1,1,Apartment
1950,North Co. Dublin,2,2,Apartment
1120,South Dublin City,0,0,Studio
900,South Dublin City,0,0,Studio
3000,South Dublin City,3,3,Apartment
2150,Dublin City Centre,2,2,Apartment
3275,South Dublin City,2,1,House
1600,South Dublin City,1,1,Apartment
1800,West Co. Dublin,3,1,House
1995,South Co. Dublin,2,2,Apartment
4400,South Dublin City,3,2,House
1100,South Dublin City,0,0,Studio
1800,South Dublin City,2,1,Apartment
1781,South Dublin City,1,1,Apartment
1850,North Dublin City,2,1,Apartment
1500,South Dublin City,1,1,House
1850,South Dublin City,1,1,Apartment
2250,North Dublin City,1,1,Apartment
2132,South Co. Dublin,2,1,Apartment
1600,South Dublin City,1,1,Apartment
3360,Dublin City Centre,1,1,Apartment
3500,South Dublin City,3,2,House
1895,South Co. Dublin,2,2,Apartment
1800,Dublin City Centre,2,2,Apartment
1650,South Dublin City,1,1,Apartment
1950,Dublin City Centre,2,1,Apartment
2850,Dublin City Centre,2,2,Apartment
2240,Dublin City Centre,2,2,Apartment
1200,North Dublin City,1,1,Flat
1813,South Dublin City,2,1,Apartment
1665,Dublin City Centre,2,1,Apartment
2100,Dublin City Centre,2,1,Apartment
1540,South Dublin City,1,1,Apartment
8500,Dublin City Centre,3,3,Apartment
1600,West Co. Dublin,3,1,House
860,North Dublin City,0,0,Studio
1550,West Co. Dublin,2,1,Apartment
1850,Dublin City Centre,2,2,Apartment
1850,South Dublin City,2,1,Apartment
2500,South Dublin City,3,1,House
2100,South Dublin City,2,2,Apartment
1664,South Dublin City,1,1,Apartment
2200,North Dublin City,3,3,House
1800,South Dublin City,2,1,Apartment
1400,West Co. Dublin,2,2,Apartment
800,North Dublin City,0,0,Studio
1950,Dublin City Centre,2,1,Apartment
1300,North Dublin City,1,1,Flat
2100,North Dublin City,2,1,Apartment
1850,North Dublin City,2,1,Apartment
3500,South Dublin City,3,4,House
2132,Dublin City Centre,2,2,Apartment
2796,South Dublin City,2,2,Apartment
2100,South Co. Dublin,2,2,Apartment
1850,North Co. Dublin,2,2,Apartment
2370,Dublin City Centre,2,1,Apartment
1950,Dublin City Centre,2,1,Apartment
1924,South Co. Dublin,2,1,Apartment
1800,South Dublin City,3,1,Apartment
2600,South Co. Dublin,3,3,Apartment
2100,South Co. Dublin,2,2,Apartment
2300,Dublin City Centre,1,1,Apartment
2185,Dublin City Centre,2,2,Apartment
685,South Dublin City,0,0,Studio
1750,North Dublin City,2,1,Apartment
3170,South Dublin City,2,2,Apartment
1800,North Dublin City,2,2,Apartment
2000,Dublin City Centre,2,1,Apartment
2235,South Dublin City,2,1,Apartment
2200,West Co. Dublin,3,2,House
2700,Dublin City Centre,2,2,Apartment
2200,West Co. Dublin,3,2,House
1875,South Dublin City,2,1,Apartment
1900,Dublin City Centre,2,1,Apartment
1100,South Dublin City,0,0,Studio
1750,Dublin City Centre,1,1,Apartment
2200,South Dublin City,2,1,House
2045,South Dublin City,2,1,Apartment
1900,South Co. Dublin,2,1,Apartment
2050,South Dublin City,2,2,Apartment
3200,South Dublin City,4,4,House
1600,Dublin City Centre,1,1,Apartment
2195,South Dublin City,2,2,Apartment
1200,South Dublin City,0,0,Studio
2500,Dublin City Centre,2,2,Apartment
5700,South Co. Dublin,2,2,Apartment
2000,West Co. Dublin,3,2,Apartment
1450,Dublin City Centre,1,1,Apartment
3500,South Dublin City,3,2,House
2000,Dublin City Centre,2,1,Apartment
2400,Dublin City Centre,2,2,Apartment
1350,North Dublin City,0,0,Studio
1350,North Dublin City,0,0,Studio
2199,North Dublin City,3,3,House
2100,Dublin City Centre,2,1,Apartment
1600,West Co. Dublin,2,2,Apartment
2045,West Co. Dublin,2,2,Apartment
1400,West Co. Dublin,2,1,House
3950,South Dublin City,2,2,Apartment
1550,Dublin City Centre,1,1,Apartment
1942,South Dublin City,2,2,Apartment
1550,Dublin City Centre,2,1,Apartment
3250,South Dublin City,2,3,House
3200,South Dublin City,3,2,Apartment
1200,West Co. Dublin,1,1,Apartment
2150,Dublin City Centre,2,1,Apartment
2780,North Dublin City,4,1,Apartment
1950,North Co. Dublin,2,2,Apartment
1060,North Dublin City,2,1,Flat
1900,South Co. Dublin,2,1,Apartment
1770,West Co. Dublin,2,2,Apartment
1900,Dublin City Centre,2,1,Apartment
2050,South Dublin City,2,2,Apartment
1500,Dublin City Centre,1,1,Apartment
1600,Dublin City Centre,1,1,Apartment
2000,Dublin City Centre,2,2,Apartment
550,South Dublin City,9,4,House
2200,South Dublin City,2,2,Apartment
3500,South Dublin City,3,2,House
2150,Dublin City Centre,2,1,Apartment
3200,South Dublin City,4,2,House
2350,South Dublin City,2,2,Apartment
1750,South Dublin City,0,0,Studio
2350,Dublin City Centre,2,1,Apartment
3360,Dublin City Centre,1,2,Apartment
2700,Dublin City Centre,2,2,Apartment
1795,Dublin City Centre,2,1,Apartment
2100,South Co. Dublin,2,2,Apartment
1800,North Dublin City,2,1,Apartment
1770,South Co. Dublin,2,2,Apartment
1450,North Co. Dublin,2,2,Apartment
1650,South Co. Dublin,1,1,Apartment
2900,South Dublin City,3,3,Apartment
1600,Dublin City Centre,1,1,Apartment
1100,South Co. Dublin,1,1,Flat
1490,West Co. Dublin,2,1,Apartment
2200,Dublin City Centre,2,2,Apartment
3380,South Dublin City,3,2,House
700,Dublin City Centre,0,0,Studio
1800,North Co. Dublin,2,3,House
1754,South Dublin City,1,1,Apartment
3200,North Dublin City,3,3,House
1750,South Dublin City,2,1,Apartment
2000,Dublin City Centre,2,1,Apartment
1500,South Dublin City,2,1,Apartment
2200,South Dublin City,3,2,House
2700,South Dublin City,3,1,House
1950,Dublin City Centre,2,1,Apartment
1895,South Co. Dublin,2,2,Apartment
1600,North Co. Dublin,2,1,Apartment
2650,South Dublin City,2,3,House
1500,South Dublin City,1,1,Apartment
2185,South Dublin City,2,2,Apartment
2095,South Dublin City,2,2,Apartment
2750,North Dublin City,4,3,House
1675,Dublin City Centre,2,1,Apartment
2100,South Dublin City,2,2,Apartment
1600,West Co. Dublin,2,2,Apartment
1850,South Co. Dublin,1,1,Apartment
1800,Dublin City Centre,1,1,Apartment
3200,Dublin City Centre,3,2,Apartment
2600,Dublin City Centre,3,2,House
1800,Dublin City Centre,2,2,Apartment
1600,South Dublin City,0,0,Studio
2400,Dublin City Centre,2,1,Apartment
2025,Dublin City Centre,2,2,Apartment
1975,Dublin City Centre,2,1,Apartment
1800,South Dublin City,1,1,Apartment
1950,South Dublin City,2,1,Apartment
1550,North Dublin City,1,1,Apartment
2273,South Co. Dublin,3,2,Apartment
2350,North Co. Dublin,4,3,House
1800,Dublin City Centre,1,1,Apartment
720,South Dublin City,1,1,Flat
1273,South Dublin City,0,0,Studio
2550,South Dublin City,1,1,Apartment
6000,South Dublin City,7,3,House
740,North Dublin City,0,0,Studio
1350,North Dublin City,1,1,Apartment
1500,North Dublin City,1,1,Apartment
2100,South Dublin City,2,2,House
2400,South Dublin City,2,2,Apartment
4500,South Dublin City,3,2,House
2000,West Co. Dublin,3,2,House
1143,North Dublin City,1,1,Flat
3528,Dublin City Centre,5,1,House
1450,South Dublin City,1,1,Apartment
2250,West Co. Dublin,3,3,House
1532,South Dublin City,2,1,Apartment
3000,South Dublin City,3,2,House
2550,South Dublin City,3,1,Flat
3150,North Co. Dublin,4,5,Apartment
3200,South Dublin City,2,2,Apartment
1850,South Dublin City,2,1,Apartment
3800,South Dublin City,4,2,House
1100,South Dublin City,1,1,Apartment
2600,North Dublin City,3,2,Apartment
2000,South Dublin City,2,1,Apartment
2000,North Co. Dublin,2,2,Apartment
1400,Dublin City Centre,1,1,Apartment
1250,South Dublin City,0,0,Studio
2700,Dublin City Centre,3,1,Apartment
2800,North Co. Dublin,4,3,House
2150,Dublin City Centre,2,1,Apartment
1802,South Dublin City,2,1,Apartment
2800,South Co. Dublin,2,2,Apartment
2400,South Dublin City,2,2,Apartment
2250,South Dublin City,3,1,Apartment
2500,South Dublin City,1,1,Apartment
3150,North Dublin City,4,1,House
1300,Dublin City Centre,0,0,Studio
1450,South Dublin City,0,0,Studio
2000,North Dublin City,2,2,Apartment
2100,West Co. Dublin,3,3,House
1250,South Dublin City,0,0,Studio
1625,South Dublin City,1,1,Apartment
720,South Dublin City,1,1,Flat
1900,North Dublin City,2,2,Apartment
2200,South Dublin City,2,2,Apartment
2500,South Co. Dublin,3,3,House
2300,Dublin City Centre,3,1,Apartment
1250,South Dublin City,0,0,Studio
2000,Dublin City Centre,2,2,Apartment
2000,Dublin City Centre,2,1,Apartment
1000,West Co. Dublin,0,0,Studio
1650,South Dublin City,1,1,Apartment
1540,South Dublin City,1,1,Apartment
2000,South Dublin City,2,1,Apartment
2250,North Co. Dublin,4,3,House
1800,West Co. Dublin,2,2,House
2500,South Dublin City,2,2,Apartment
1400,Dublin City Centre,1,1,Apartment
1350,North Dublin City,0,0,Studio
1755,South Co. Dublin,2,2,Apartment
3360,Dublin City Centre,1,2,Apartment
1200,South Dublin City,0,0,Studio
2200,Dublin City Centre,1,1,Apartment
1500,North Dublin City,1,1,Apartment
2300,Dublin City Centre,2,2,Apartment
1900,South Dublin City,2,1,Apartment
1800,Dublin City Centre,2,2,Apartment
1850,North Dublin City,3,1,House
2150,South Dublin City,2,1,Apartment
2200,West Co. Dublin,3,2,House
2365,North Dublin City,3,1,House
1800,South Co. Dublin,2,2,Apartment
1850,South Dublin City,2,2,Apartment
1850,North Dublin City,3,1,Apartment
3500,North Co. Dublin,5,3,House
1750,South Dublin City,1,1,Apartment
3150,South Dublin City,4,2,House
2500,South Dublin City,2,2,Apartment
1675,Dublin City Centre,1,1,Apartment
900,South Dublin City,0,0,Studio
1850,South Dublin City,2,2,Apartment
1500,North Dublin City,2,2,Apartment
2600,South Dublin City,3,1,Apartment
920,North Dublin City,0,0,Studio
2195,South Co. Dublin,2,2,Apartment
1950,South Dublin City,2,1,Apartment
1550,Dublin City Centre,1,1,Apartment
1850,South Dublin City,2,2,Apartment
1750,South Dublin City,1,1,Apartment
1800,South Dublin City,2,1,Apartment
1250,Dublin City Centre,1,1,Apartment
1830,Dublin City Centre,2,1,Apartment
1988,South Co. Dublin,2,2,Apartment
2900,North Dublin City,5,2,Apartment
2475,South Co. Dublin,3,3,Apartment
1550,South Dublin City,1,1,Apartment
2170,South Co. Dublin,2,2,Apartment
1750,Dublin City Centre,1,1,Apartment
1200,North Dublin City,1,1,Flat
3750,South Dublin City,1,1,House
1650,Dublin City Centre,1,1,Apartment
1950,Dublin City Centre,2,1,Apartment
2400,South Dublin City,2,2,Apartment
2200,Dublin City Centre,2,1,Apartment
2200,South Co. Dublin,3,1,Apartment
2295,South Dublin City,2,1,Apartment
6500,South Co. Dublin,7,6,House
3640,Dublin City Centre,2,2,Apartment
1750,South Dublin City,1,1,House
2700,South Dublin City,2,2,Apartment
2000,West Co. Dublin,3,3,House
2200,South Dublin City,2,2,Apartment
1800,Dublin City Centre,2,1,Apartment
1850,West Co. Dublin,2,2,Apartment
1400,South Co. Dublin,1,1,Flat
2000,South Dublin City,2,1,Apartment
2900,South Dublin City,3,2,House
2600,Dublin City Centre,3,2,House
2645,South Dublin City,3,2,House
2000,North Dublin City,2,2,Apartment
2550,Dublin City Centre,2,2,Apartment
4900,South Dublin City,2,2,Apartment
2386,Dublin City Centre,2,1,Apartment
2200,South Dublin City,2,1,Flat
2700,South Dublin City,3,1,Apartment
1350,South Co. Dublin,1,1,Apartment
2000,Dublin City Centre,2,2,Apartment
2200,Dublin City Centre,2,1,Apartment
1875,North Dublin City,2,2,Apartment
1900,South Dublin City,2,1,House
1800,North Dublin City,2,1,House
3000,Dublin City Centre,2,2,Apartment
2150,Dublin City Centre,2,1,Apartment
1900,South Dublin City,2,1,Apartment
1900,West Co. Dublin,2,2,Apartment
760,West Co. Dublin,0,1,Studio
1950,West Co. Dublin,2,2,Apartment
2800,Dublin City Centre,2,2,Apartment
1650,South Dublin City,1,1,Apartment
1650,North Dublin City,2,1,Apartment
2100,South Dublin City,2,2,House
1700,West Co. Dublin,2,2,Apartment
1550,North Dublin City,1,0,Apartment
1320,North Dublin City,1,1,Flat
2100,West Co. Dublin,3,3,House
3100,South Dublin City,2,2,Apartment
1850,Dublin City Centre,2,2,Apartment
3000,North Dublin City,4,4,House
3950,South Dublin City,3,3,House
2100,South Co. Dublin,2,2,Apartment
1050,North Dublin City,1,1,Flat
1400,South Dublin City,1,1,Apartment
1980,South Co. Dublin,2,2,Apartment
1300,South Co. Dublin,1,1,Apartment
1700,South Dublin City,1,1,Apartment
1595,South Dublin City,1,1,Apartment
1120,South Dublin City,1,1,Flat
2750,Dublin City Centre,1,1,Apartment
2600,Dublin City Centre,3,2,Apartment
2300,Dublin City Centre,2,2,Apartment
1500,North Dublin City,2,1,Flat
2750,South Dublin City,2,2,Apartment
2400,North Dublin City,3,2,Apartment
2600,Dublin City Centre,2,2,Apartment
1300,South Dublin City,1,1,Apartment
8500,South Co. Dublin,4,4,House
1050,South Dublin City,0,0,Studio
6500,South Co. Dublin,12,4,House
1200,North Dublin City,0,0,Studio
1815,West Co. Dublin,2,2,Apartment
2428,North Dublin City,3,1,House
2950,South Co. Dublin,3,3,Apartment
1700,South Dublin City,1,1,Apartment
2050,South Dublin City,2,2,Apartment
1650,North Dublin City,1,1,Apartment
1795,Dublin City Centre,1,1,Apartment
1700,South Dublin City,1,1,Apartment
1500,South Dublin City,1,1,Apartment
2500,North Co. Dublin,4,2,House
1650,South Co. Dublin,1,1,Apartment
2000,South Dublin City,2,1,Apartment
1850,South Co. Dublin,1,1,Apartment
2750,Dublin City Centre,2,2,Apartment
1800,West Co. Dublin,2,2,Apartment
2080,West Co. Dublin,2,2,Apartment
1750,North Dublin City,2,1,Apartment
1850,Dublin City Centre,2,1,Apartment
2400,South Dublin City,2,2,Apartment
1800,South Dublin City,2,1,Apartment
3800,Dublin City Centre,1,1,Apartment
1400,South Dublin City,2,1,Apartment
1350,Dublin City Centre,1,1,Apartment
1865,North Dublin City,2,2,Apartment
1700,West Co. Dublin,2,2,Apartment
2900,South Dublin City,3,3,Apartment
1900,South Dublin City,2,1,Apartment
2550,Dublin City Centre,2,2,Apartment
1992,South Dublin City,2,2,Apartment
1968,West Co. Dublin,2,2,Apartment
1450,South Dublin City,1,2,Apartment
2200,South Dublin City,1,1,Apartment
1800,Dublin City Centre,2,1,Apartment
1050,North Dublin City,1,1,Flat
1300,North Dublin City,1,1,Flat
1575,North Dublin City,1,1,Apartment
1800,West Co. Dublin,2,2,House
2600,North Dublin City,3,2,Apartment
2000,Dublin City Centre,2,1,Apartment
1750,South Dublin City,2,1,Apartment
2700,West Co. Dublin,4,1,House
1200,South Dublin City,0,0,Studio
1707,Dublin City Centre,1,1,Apartment
1890,South Dublin City,1,1,Apartment
2800,North Co. Dublin,5,3,House
3000,South Dublin City,2,3,House
1700,South Dublin City,2,1,Apartment
1750,South Dublin City,2,1,Apartment
1800,Dublin City Centre,2,1,Apartment
1600,South Dublin City,1,1,Apartment
2900,Dublin City Centre,3,2,Apartment
1450,South Dublin City,0,0,Studio
2000,Dublin City Centre,2,1,Apartment
1850,Dublin City Centre,2,2,Apartment
2000,South Co. Dublin,2,1,House
2000,Dublin City Centre,2,1,Flat
3700,South Dublin City,3,1,House
2000,West Co. Dublin,3,3,House
5950,South Dublin City,2,2,Apartment
1950,Dublin City Centre,2,2,Apartment
1850,West Co. Dublin,2,2,Apartment
1600,Dublin City Centre,1,1,Apartment
3200,Dublin City Centre,3,2,House
1620,North Co. Dublin,2,0,Apartment
2100,South Dublin City,2,2,Apartment
2395,South Co. Dublin,3,2,Apartment
2000,North Dublin City,2,2,Apartment
1950,Dublin City Centre,2,1,Apartment
1620,South Dublin City,1,1,Apartment
2600,South Dublin City,2,3,Apartment
1875,South Dublin City,2,2,Apartment
2514,Dublin City Centre,2,2,Apartment
1280,South Dublin City,1,1,Apartment
1968,West Co. Dublin,2,2,Apartment
1700,South Dublin City,2,1,Apartment
2080,South Co. Dublin,2,2,Apartment
2000,South Dublin City,2,1,Apartment
2100,North Dublin City,2,1,Apartment
2250,North Dublin City,1,1,Apartment
1675,South Co. Dublin,2,2,Apartment
1860,South Dublin City,1,1,Apartment
4200,South Dublin City,2,2,Apartment
2150,South Dublin City,2,2,Apartment
1950,South Co. Dublin,2,2,Apartment
1800,Dublin City Centre,1,1,Apartment
2365,South Co. Dublin,2,2,Apartment
1400,South Co. Dublin,0,0,Studio
2000,West Co. Dublin,3,2,House
2400,South Dublin City,2,2,Apartment
2288,South Dublin City,3,1,House
1800,South Dublin City,1,1,Apartment
1780,North Dublin City,2,1,House
3000,Dublin City Centre,2,2,Apartment
1250,North Dublin City,0,0,Studio
1100,South Dublin City,1,1,Flat
1900,Dublin City Centre,2,1,Apartment
1600,Dublin City Centre,0,0,Studio
1800,South Dublin City,2,1,Apartment
850,Dublin City Centre,2,2,Flat
1800,South Dublin City,2,1,Apartment
1080,North Dublin City,2,2,Flat
1800,North Dublin City,2,2,Apartment
2075,South Dublin City,2,1,Apartment
2000,North Dublin City,2,2,Apartment
3400,Dublin City Centre,1,1,Apartment
1750,North Dublin City,2,1,Apartment
1100,South Dublin City,0,0,Studio
1500,North Dublin City,3,1,House
2900,South Dublin City,2,2,Apartment
1400,South Dublin City,0,0,Studio
1938,South Co. Dublin,2,2,Apartment
1450,North Dublin City,2,1,Apartment
1000,North Dublin City,2,1,Flat
1160,North Dublin City,2,1,Flat
2940,South Dublin City,2,2,Apartment
2400,North Dublin City,3,1,House
3000,South Dublin City,3,2,House
2250,West Co. Dublin,4,3,House
1900,South Dublin City,2,1,Apartment
1500,North Dublin City,1,1,Apartment
3500,Dublin City Centre,5,2,House
2450,Dublin City Centre,2,2,Apartment
1632,North Dublin City,2,1,Apartment
6000,South Dublin City,1,1,Apartment
1650,Dublin City Centre,1,1,Apartment
1835,West Co. Dublin,3,1,House
2150,Dublin City Centre,2,2,Apartment
1425,South Dublin City,2,1,House
1859,Dublin City Centre,2,1,Apartment
3800,South Dublin City,1,1,Apartment
1950,South Dublin City,1,1,Apartment
3360,Dublin City Centre,1,2,Apartment
850,Dublin City Centre,1,1,Apartment
1850,North Dublin City,2,1,Apartment
2600,South Co. Dublin,3,2,Apartment
2400,North Dublin City,3,1,House
2100,Dublin City Centre,2,2,Apartment
2800,South Dublin City,3,2,Apartment
1200,Dublin City Centre,0,0,Studio
2250,South Dublin City,3,1,House
1875,North Dublin City,2,2,Apartment
1350,South Dublin City,1,1,Apartment
1850,South Dublin City,1,1,Apartment
1850,South Dublin City,1,1,Apartment
2500,Dublin City Centre,2,2,Apartment
1800,South Dublin City,2,2,Apartment
2200,Dublin City Centre,2,2,Apartment
960,South Dublin City,0,0,Studio
1800,South Co. Dublin,2,2,Apartment
1650,Dublin City Centre,1,1,Apartment
3500,South Dublin City,3,2,House
1850,Dublin City Centre,2,2,Apartment
2200,South Dublin City,2,3,Apartment
1600,Dublin City Centre,0,0,Studio
2600,South Co. Dublin,2,2,Apartment
2780,North Dublin City,4,3,Apartment
3900,South Co. Dublin,1,1,Apartment
1500,South Dublin City,1,1,Apartment
1900,South Co. Dublin,3,1,House
960,South Dublin City,0,0,Studio
1514,Dublin City Centre,1,1,Apartment
1650,South Dublin City,1,1,Apartment
1950,Dublin City Centre,2,1,Apartment
1450,South Dublin City,1,2,Apartment
1450,South Dublin City,1,1,Apartment
1690,North Dublin City,2,2,Apartment
1500,Dublin City Centre,1,1,Apartment
2600,South Dublin City,3,2,House
3000,South Dublin City,3,2,House
4750,South Dublin City,4,3,House
2200,Dublin City Centre,2,2,Apartment
1350,North Dublin City,0,0,Studio
2800,South Dublin City,4,1,House
1600,Dublin City Centre,1,1,Apartment
1650,South Dublin City,1,1,Apartment
2600,South Dublin City,2,2,House
2200,South Dublin City,2,2,Apartment
2500,Dublin City Centre,2,2,Apartment
2050,Dublin City Centre,2,1,Apartment
1800,North Dublin City,2,1,House
2717,South Dublin City,4,3,Apartment
900,North Dublin City,1,1,Flat
1280,South Dublin City,1,1,Apartment
1700,Dublin City Centre,1,1,Apartment
2000,Dublin City Centre,2,1,Apartment
2800,South Co. Dublin,3,2,House
1472,South Dublin City,1,1,Apartment
1950,South Dublin City,2,1,Apartment
1900,North Dublin City,2,1,Apartment
1695,South Dublin City,2,1,Apartment
3000,South Co. Dublin,3,3,Apartment
2700,South Dublin City,2,2,Apartment
2700,Dublin City Centre,2,1,Apartment
1500,North Dublin City,2,1,House
1100,North Dublin City,0,0,Studio
2200,South Dublin City,2,1,Apartment
1660,North Dublin City,1,1,Apartment
1300,North Dublin City,1,1,Apartment
1000,South Dublin City,0,0,Studio
1555,South Co. Dublin,1,1,Apartment
1940,South Dublin City,2,2,Apartment
2400,South Dublin City,3,2,House
5950,South Dublin City,2,2,Apartment
1900,South Dublin City,2,1,House
1975,Dublin City Centre,2,1,Apartment
1800,South Dublin City,2,1,Apartment
2103,Dublin City Centre,2,1,Apartment
1750,South Dublin City,2,1,Apartment
2300,West Co. Dublin,2,2,Apartment
1890,South Dublin City,1,1,Apartment
1850,South Dublin City,1,1,Apartment
2500,North Co. Dublin,4,3,Apartment
2100,North Dublin City,3,1,Apartment
1660,Dublin City Centre,2,1,Apartment
2395,West Co. Dublin,3,3,House
1950,South Dublin City,2,1,House
2300,South Dublin City,2,2,Apartment
1575,North Dublin City,1,1,Apartment
2200,South Dublin City,3,2,House
1450,South Dublin City,0,0,Studio
2200,Dublin City Centre,1,1,Apartment
2050,West Co. Dublin,2,2,Apartment
1200,North Dublin City,1,1,Flat
1750,South Dublin City,1,1,Apartment
1800,North Co. Dublin,2,2,Apartment
2555,South Co. Dublin,2,2,Apartment
1750,North Dublin City,2,1,House
2200,South Dublin City,2,2,Apartment
2200,North Co. Dublin,3,2,House
1900,South Co. Dublin,2,1,Apartment
1900,South Dublin City,2,1,Apartment
2095,Dublin City Centre,2,1,Apartment
1995,South Dublin City,2,1,House
1700,South Dublin City,1,1,Apartment
1725,Dublin City Centre,2,1,Apartment
1850,South Dublin City,1,1,Apartment
1432,North Dublin City,1,1,Apartment
1900,North Dublin City,2,2,Apartment
1000,North Co. Dublin,0,0,Studio
3500,South Dublin City,4,3,House
1650,Dublin City Centre,1,1,Apartment
1800,West Co. Dublin,2,2,Apartment
2500,Dublin City Centre,2,1,Apartment
2365,North Co. Dublin,3,3,House
1643,South Dublin City,1,1,Apartment
2000,South Co. Dublin,2,2,Apartment
3000,Dublin City Centre,4,2,Apartment
2200,South Co. Dublin,2,2,Apartment
1940,South Dublin City,2,2,Apartment
2950,South Dublin City,2,3,House
2000,South Dublin City,3,1,House
1650,South Dublin City,1,1,Apartment
2600,West Co. Dublin,4,2,House
2200,Dublin City Centre,2,1,Apartment
1700,South Dublin City,2,1,Apartment
2250,South Co. Dublin,1,1,Apartment
1550,South Dublin City,1,1,Apartment
2300,South Co. Dublin,1,1,Apartment
2190,South Dublin City,3,2,Apartment
1690,South Dublin City,1,1,Apartment
3600,North Dublin City,4,2,House
1500,Dublin City Centre,1,1,Apartment
3200,Dublin City Centre,3,2,Apartment
965,South Dublin City,0,0,Studio
1650,North Dublin City,2,2,Apartment
5950,South Dublin City,2,2,Apartment
2600,North Dublin City,3,2,Apartment
3000,South Dublin City,3,2,Apartment
2500,South Dublin City,3,1,House
6500,South Dublin City,6,4,House
2000,South Dublin City,2,2,Apartment
1300,North Co. Dublin,1,1,Apartment
2900,Dublin City Centre,2,2,Apartment
1707,Dublin City Centre,2,1,Apartment
1230,North Dublin City,1,1,Flat
2500,South Dublin City,2,2,Apartment
1950,South Co. Dublin,1,1,Apartment
1775,South Dublin City,1,1,Apartment
1600,Dublin City Centre,0,0,Studio
2295,South Dublin City,2,1,House
3000,North Dublin City,4,1,House
1200,North Dublin City,1,1,Flat
2170,South Co. Dublin,2,1,Apartment
500,North Dublin City,0,0,Studio
2080,South Dublin City,2,2,Apartment
1406,West Co. Dublin,2,1,House
2000,South Dublin City,2,2,Apartment
1620,South Co. Dublin,2,2,Apartment
1595,West Co. Dublin,2,2,Apartment
1800,West Co. Dublin,4,5,House
2200,Dublin City Centre,2,2,Apartment
1550,Dublin City Centre,1,1,House
1988,South Dublin City,2,1,Apartment
1550,South Dublin City,1,1,Flat
2800,Dublin City Centre,3,2,Apartment
3000,South Dublin City,3,3,Apartment
2150,Dublin City Centre,2,2,Apartment
1850,Dublin City Centre,2,1,Apartment
1750,North Dublin City,2,2,Apartment
1900,South Dublin City,2,1,Apartment
3500,North Co. Dublin,5,3,House
1200,South Dublin City,1,1,Apartment
1450,Dublin City Centre,1,1,Apartment
2495,South Co. Dublin,3,3,House
1700,South Co. Dublin,1,1,Apartment
2150,Dublin City Centre,2,2,Apartment
1400,Dublin City Centre,1,1,Apartment
2200,Dublin City Centre,1,1,Apartment
1900,South Dublin City,2,1,Apartment
2600,South Dublin City,3,2,Apartment
1750,South Dublin City,2,1,House
2250,South Dublin City,3,1,House
1250,South Dublin City,1,1,Apartment
2500,Dublin City Centre,2,2,Apartment
1800,Dublin City Centre,2,1,Apartment
2400,South Dublin City,2,2,Apartment
1550,South Dublin City,1,1,Apartment
2650,South Dublin City,2,2,Apartment
2295,South Dublin City,3,1,House
1395,Dublin City Centre,1,1,Apartment
2400,Dublin City Centre,2,1,Apartment
1187,Dublin City Centre,1,1,Flat
2550,South Dublin City,2,1,Apartment
1395,Dublin City Centre,1,1,Apartment
1995,North Dublin City,2,2,Apartment
1400,South Dublin City,1,1,Apartment
1500,Dublin City Centre,1,1,Apartment
1850,North Dublin City,2,1,Apartment
1550,North Co. Dublin,2,1,Apartment
1550,Dublin City Centre,1,1,Apartment
2400,South Dublin City,3,2,Apartment
4000,South Dublin City,2,2,Apartment
1700,South Co. Dublin,2,2,House
2350,South Dublin City,1,1,Apartment
2200,South Co. Dublin,2,2,Apartment
1100,Dublin City Centre,1,1,Flat
1584,South Dublin City,1,1,Flat